Date,XLF,IYF,hedge_ratio,signal,strategy_return,cumulative_return
2020-01-02,31.079999923706055,69.26499938964844,0.4486170303602908,0,0.0,1.0
2020-01-03,30.75,68.875,0.446438539397659,0,-0.0,1.0
2020-01-06,30.729999542236328,68.83499908447266,0.44636355231734265,0,-0.0,1.0
2020-01-07,30.530000686645508,68.37000274658203,0.4464687690563721,0,-0.0,1.0
2020-01-08,30.729999542236328,68.79000091552734,0.4466509279406045,0,0.0,1.0
2020-01-09,30.920000076293945,69.23999786376953,0.44649695685782265,0,0.0,1.0
2020-01-10,30.690000534057617,69.04000091552734,0.44450872867983243,0,-0.0,1.0
2020-01-13,30.899999618530273,69.61499786376953,0.44381556258296667,0,0.0,1.0
2020-01-14,30.84000015258789,69.3949966430664,0.4443303369728269,0,-0.0,1.0
2020-01-15,30.670000076293945,69.44499969482422,0.4416247953516782,0,-0.0,1.0
2020-01-16,30.940000534057617,70.02999877929688,0.4417363431608513,0,0.0,1.0
2020-01-17,31.030000686645508,70.33499908447266,0.44110944596667984,0,0.0,1.0
2020-01-21,30.770000457763672,70.13500213623047,0.43870967800658106,0,-0.0,1.0
2020-01-22,30.860000610351562,70.21499633789062,0.439430700651892,0,0.0,1.0
2020-01-23,30.780000686645508,70.25499725341797,0.43808155532601617,0,-0.0,1.0
2020-01-24,30.389999389648438,69.55000305175781,0.43693536795004145,0,-0.0,1.0
2020-01-27,29.920000076293945,68.58999633789062,0.4362119170190588,0,-0.0,1.0
2020-01-28,30.270000457763672,69.25499725341797,0.43706056159861695,0,0.0,1.0
2020-01-29,30.219999313354492,69.16500091552734,0.436926445217418,0,-0.0,1.0
2020-01-30,30.600000381469727,69.8550033569336,0.438047447336262,0,0.0,1.0
2020-01-31,29.959999084472656,68.43499755859375,0.4378222350644562,0,-0.0,1.0
2020-02-03,30.170000076293945,68.91999816894531,0.4377836254736925,0,0.0,1.0
2020-02-04,30.459999084472656,69.71499633789062,0.43694777323234046,0,0.0,1.0
2020-02-05,31.06999969482422,70.55500030517578,0.4403894583003414,0,0.0,1.0
2020-02-06,31.030000686645508,70.58499908447266,0.43971426802960994,0,-0.0,1.0
2020-02-07,30.920000076293945,70.375,0.43945670057450487,0,-0.0,1.0
2020-02-10,31.010000228881836,70.72000122070312,0.4385892360854311,0,0.0,1.0
2020-02-11,31.1200008392334,71.02999877929688,0.43821107095395756,0,0.0,1.0
2020-02-12,31.139999389648438,71.26499938964844,0.4370542972072199,0,-0.0,1.0
2020-02-13,31.1299991607666,71.44499969482422,0.4358089541821456,0,-0.0,1.0
2020-02-14,31.170000076293945,71.70999908447266,0.4347453250047398,0,-0.0,1.0
2020-02-18,30.899999618530273,71.31500244140625,0.4333881046392052,0,-0.0,1.0
2020-02-19,31.1299991607666,71.5,0.4354274981172703,0,0.0,1.0
2020-02-20,31.06999969482422,71.63500213623047,0.43383301265348445,0,-0.0,1.0
2020-02-21,30.770000457763672,71.0999984741211,0.4328803499702597,0,-0.0,1.0
2020-02-24,29.770000457763672,68.94000244140625,0.4319972728122953,1,-0.0,1.0
2020-02-25,28.760000228881836,66.53500366210938,0.43237152941810303,1,-0.018856386323161025,0.981143613676839
2020-02-26,28.549999237060547,66.00499725341797,0.43265847686425424,1,-0.003857645171357633,0.9773587097531301
2020-02-27,27.329999923706055,63.0,0.43376729596009744,0,-0.023034463992686927,0.9548457757453827
2020-02-28,26.59000015258789,61.7400016784668,0.4309047311604825,1,-0.0,0.9548457757453827
2020-03-02,27.950000762939453,64.8499984741211,0.4311583549831928,1,0.02944133189514086,0.9829577071377756
2020-03-03,26.899999618530273,62.685001373291016,0.4294924670033202,1,-0.023173035941061404,0.9601795928617287
2020-03-04,27.790000915527344,64.9800033569336,0.42789119041810414,1,0.017361118188989798,0.9768493842560574
2020-03-05,26.450000762939453,62.404998779296875,0.4244912374628516,1,-0.03126246696737363,0.946310662648653
2020-03-06,25.549999237060547,60.650001525878906,0.42210139367044114,1,-0.022088680690951584,0.9254079085869641
2020-03-09,22.809999465942383,54.744998931884766,0.41898809911513185,1,-0.06614408272125225,0.8641976513304869
2020-03-10,24.149999618530273,57.78499984741211,0.4201134880491757,1,0.03547967774086801,0.8948591055041075
2020-03-11,22.84000015258789,54.564998626708984,0.42077149968517025,1,-0.030833954661181388,0.8672670604168485
2020-03-12,20.3700008392334,49.0,0.4192093263275503,1,-0.06522975163201818,0.810695445467227
2020-03-13,23.049999237060547,54.44499969482422,0.4282980692612505,1,0.08498238003351047,0.879590273905359
2020-03-16,19.889999389648438,47.11000061035156,0.42822785748798115,1,-0.07939163021512272,0.8097581681386462
2020-03-17,20.969999313354492,48.63999938964844,0.43735594178284365,1,0.04039101797572635,0.8424651248639254
2020-03-18,19.190000534057617,44.82500076293945,0.43592962135631375,1,-0.05057981456852483,0.799853395067859
2020-03-19,19.610000610351562,45.380001068115234,0.4397076551986173,1,0.016488944222306946,0.8130421330851557
2020-03-20,18.90999984741211,43.70000076293945,0.4405715987860193,1,-0.019417817318758798,0.7972546294724542
2020-03-23,17.65999984741211,41.18000030517578,0.4382313595322134,1,-0.04069662811114182,0.7648090543069276
2020-03-24,19.850000381469727,46.01499938964844,0.4400711045363004,1,0.07255575946481357,0.8203003560877326
2020-03-25,20.389999389648438,47.439998626708984,0.4381683376884092,1,0.013575793352469999,0.8314365842089372
2020-03-26,21.670000076293945,50.46500015258789,0.43706516901313874,1,0.03483619426523129,0.86040067057566
2020-03-27,21.010000228881836,49.025001525878906,0.43647954544519646,1,-0.017985365582612024,0.8449260499678323
2020-03-30,21.40999984741211,50.099998474121094,0.4350457274644061,1,0.009467618546479107,0.852925487508911
2020-03-31,20.81999969482422,48.63999938964844,0.4358150803090001,1,-0.014879251857933174,0.8402345943642154
2020-04-01,19.549999237060547,45.6150016784668,0.436641154104499,1,-0.03389504012426803,0.8117548090744423
2020-04-02,20.040000915527344,46.64500045776367,0.43756707529615413,1,0.015204552928406731,0.8240971780339035
2020-04-03,19.639999389648438,45.630001068115234,0.4384615884903945,1,-0.010438656302875821,0.8154947108322377
2020-04-06,21.049999237060547,49.19499969482422,0.4348653392448965,1,0.0375359561351719,0.8461050845265011
2020-04-07,21.260000228881836,49.584999084472656,0.4355600631159195,1,0.006528846233881823,0.8516291745210801
2020-04-08,22.190000534057617,52.119998931884766,0.4319441441406807,1,0.021476417973462156,0.8699191186314893
2020-04-09,23.3799991607666,54.560001373291016,0.43451151137011673,0,0.03340619308587311,0.8989798046775854
2020-04-13,22.530000686645508,52.59000015258789,0.43468051171124467,0,-0.0,0.8989798046775854
2020-04-14,22.6299991607666,53.185001373291016,0.4317335503407262,0,-0.0,0.8989798046775854
2020-04-15,21.649999618530273,50.7599983215332,0.4327664330847993,0,-0.0,0.8989798046775854
2020-04-16,21.270000457763672,49.939998626708984,0.4323460591182918,0,-0.0,0.8989798046775854
2020-04-17,22.389999389648438,52.41999816894531,0.43331383528465767,0,0.0,0.8989798046775854
2020-04-20,22.0,51.09000015258789,0.43664295686169363,0,-0.0,0.8989798046775854
2020-04-21,21.290000915527344,49.70000076293945,0.43491856937055967,0,-0.0,0.8989798046775854
2020-04-22,21.520000457763672,50.310001373291016,0.43415174651829713,0,0.0,0.8989798046775854
2020-04-23,21.43000030517578,50.17499923706055,0.4335259027011756,0,-0.0,0.8989798046775854
2020-04-24,21.739999771118164,50.685001373291016,0.4352364745571989,0,0.0,0.8989798046775854
2020-04-27,22.479999542236328,52.47999954223633,0.43447498234203674,0,0.0,0.8989798046775854
2020-04-28,22.719999313354492,52.939998626708984,0.435201130397455,0,0.0,0.8989798046775854
2020-04-29,23.3799991607666,54.65999984741211,0.43354225570611354,0,0.0,0.8989798046775854
2020-04-30,22.790000915527344,53.38999938964844,0.43281899908843924,0,-0.0,0.8989798046775854
2020-05-01,22.059999465942383,51.665000915527344,0.4330800362173388,0,-0.0,0.8989798046775854
2020-05-04,21.860000610351562,51.415000915527344,0.4313950185331206,0,-0.0,0.8989798046775854
2020-05-05,21.790000915527344,51.494998931884766,0.4293705401688988,0,-0.0,0.8989798046775854
2020-05-06,21.31999969482422,50.525001525878906,0.4283314346055503,0,-0.0,0.8989798046775854
2020-05-07,21.81999969482422,51.54499816894531,0.4295287226586321,0,0.0,0.8989798046775854
2020-05-08,22.290000915527344,52.709999084472656,0.4289819187651635,0,0.0,0.8989798046775854
2020-05-11,21.860000610351562,51.86000061035156,0.42779455324174764,0,-0.0,0.8989798046775854
2020-05-12,21.290000915527344,50.17499923706055,0.4303987598729361,0,-0.0,0.8989798046775854
2020-05-13,20.65999984741211,48.69499969482422,0.4306236804654447,0,-0.0,0.8989798046775854
2020-05-14,21.190000534057617,49.779998779296875,0.4319144860177618,0,0.0,0.8989798046775854
2020-05-15,21.049999237060547,49.654998779296875,0.43030115204063135,0,-0.0,0.8989798046775854
2020-05-18,22.1299991607666,52.279998779296875,0.42920561303641164,0,0.0,0.8989798046775854
2020-05-19,21.59000015258789,51.220001220703125,0.42764650693355016,0,-0.0,0.8989798046775854
2020-05-20,22.06999969482422,52.30500030517578,0.4278967499115753,0,0.0,0.8989798046775854
2020-05-21,22.0,52.15999984741211,0.4277583564469917,0,-0.0,0.8989798046775854
2020-05-22,21.920000076293945,52.17499923706055,0.42615379877400167,0,-0.0,0.8989798046775854
2020-05-26,23.059999465942383,54.5099983215332,0.4289222460523512,0,0.0,0.8989798046775854
2020-05-27,24.059999465942383,56.2400016784668,0.43375698872516827,1,0.0,0.8989798046775854
2020-05-28,23.68000030517578,55.744998931884766,0.43106269690321986,1,-0.011976052901753576,0.8882135749791585
2020-05-29,23.40999984741211,55.185001373291016,0.43048965320931143,1,-0.007071719500548347,0.8819323777203267
2020-06-01,23.68000030517578,55.904998779296875,0.42976006837026515,1,0.0059169639973048254,0.8871507398473554
2020-06-02,23.8700008392334,56.310001373291016,0.4300175210982833,1,0.004910283274623373,0.8915069012872975
2020-06-03,24.760000228881836,58.21500015258789,0.4312848043367632,1,0.022737535690015066,0.9117775712732121
2020-06-04,25.299999237060547,58.71500015258789,0.43678617921724894,1,0.018105088490032888,0.9282853848843409
2020-06-05,26.239999771118164,60.900001525878906,0.4366935733304231,1,0.02089975023604531,0.9476863175761948
2020-06-08,26.739999771118164,61.994998931884766,0.43704554134851625,1,0.011203017491914305,0.9583032639688487
2020-06-09,26.170000076293945,60.959999084472656,0.43522706662796784,1,-0.014019940361276234,0.9448679093599891
2020-06-10,25.190000534057617,59.040000915527344,0.43294380554990625,1,-0.023739515081978503,0.9224372033752601
2020-06-11,23.1299991607666,54.6349983215332,0.43061267869315595,1,-0.04947639272932042,0.8767983380329297
2020-06-12,23.829999923706055,56.34000015258789,0.42990081668135693,1,0.016825572353751206,0.8915509719091516
2020-06-15,24.15999984741211,56.69499969482422,0.43296006901772804,1,0.011139273272587524,0.9014822018216886
2020-06-16,24.540000915527344,57.60499954223633,0.4328065186200855,1,0.008779167592146307,0.9093964651528182
2020-06-17,24.170000076293945,56.86000061035156,0.43201053708113285,1,-0.009480020584750174,0.9007753679434705
2020-06-18,24.139999389648438,56.7400016784668,0.432358515990519,1,-0.00032950942221763235,0.9004785539724315
2020-06-19,23.979999542236328,56.2400016784668,0.43332017259720956,1,-0.00281799977605968,0.8979410056089906
2020-06-22,23.709999084472656,56.130001068115234,0.4295249523475396,1,-0.010411865102705524,0.8885917649884021
2020-06-23,23.81999969482422,56.28499984741211,0.43016319271689024,1,0.003453317709427222,0.8916603546668876
2020-06-24,22.979999542236328,54.3650016784668,0.4299487970172777,1,-0.0205907311421896,0.8733004160337924
2020-06-25,23.59000015258789,55.599998474121094,0.4313799972372119,1,0.01677780424690768,0.8879524794627505
2020-06-26,22.579999923706055,53.58000183105469,0.42911491086977044,1,-0.027142348305677348,0.8638513639862827
2020-06-29,22.829999923706055,54.290000915527344,0.4280338067358084,1,0.005385459325907376,0.8685036003706603
2020-06-30,23.139999389648438,55.06999969482422,0.42756699567490486,1,0.007428926538760574,0.874955649816463
2020-07-01,22.940000534057617,55.005001068115234,0.4245249722657816,1,-0.008138339632909424,0.8678349635745236
2020-07-02,22.969999313354492,55.05500030517578,0.42458500363251384,1,0.0009218153133264369,0.8686349471333866
2020-07-06,23.40999984741211,55.779998779296875,0.42694594265067115,1,0.013564244625123659,0.8804173240462352
2020-07-07,22.93000030517578,54.65999984741211,0.4269828171422413,1,-0.011931449749833373,0.8699126689854947
2020-07-08,23.170000076293945,55.0,0.42867366094791676,1,0.007810677537726641,0.8767072763289235
2020-07-09,22.68000030517578,54.04499816894531,0.4273348375377028,1,-0.01370467846703978,0.8646922849971214
2020-07-10,23.459999084472656,55.29499816894531,0.4317980142948612,1,0.024507706120873246,0.8858839094028171
2020-07-13,23.559999465942383,55.11000061035156,0.43507298664004224,1,0.005707234861158417,0.8909398569335002
2020-07-14,23.68000030517578,55.61000061035156,0.43344444883221117,1,0.0011461000473230228,0.8919609631456936
2020-07-15,24.149999618530273,56.68000030517578,0.4335053874659856,1,0.011507979273585022,0.9022256314224212
2020-07-16,24.149999618530273,56.43000030517578,0.43535603779396376,1,0.0019120738582035835,0.9039507534664654
2020-07-17,23.950000762939453,56.334999084472656,0.4326892489753553,1,-0.00754859420595579,0.897127196046379
2020-07-20,23.84000015258789,56.13999938964844,0.4321705887036719,1,-0.003095203370821839,0.8943504049251204
2020-07-21,24.309999465942383,56.79999923706055,0.43538399296944286,1,0.014634000053584482,0.907438328798718
2020-07-22,24.309999465942383,57.06999969482422,0.4334567325560476,1,-0.002069610545487915,0.9055602848640563
2020-07-23,24.329999923706055,57.029998779296875,0.43403641168839624,1,0.0011265395754118418,0.9065804343628768
2020-07-24,24.270000457763672,56.72999954223633,0.4352416918201965,1,-0.000182874577820508,0.9064146438486824
2020-07-27,24.06999969482422,56.59000015258789,0.4329051833408551,1,-0.00716655970593078,0.8999187691852109
2020-07-28,24.010000228881836,56.685001373291016,0.43109936285701095,1,-0.0032194527574789748,0.8970215232222505
2020-07-29,24.459999084472656,57.79999923706055,0.430510750101518,1,0.010262388884467821,0.9062271069312948
2020-07-30,24.020000457763672,57.005001068115234,0.4288734370574329,1,-0.012067125943548002,0.8952915502984977
2020-07-31,24.030000686645508,56.869998931884766,0.42997736990896557,1,0.0014320090911116006,0.8965736159377204
2020-08-03,24.100000381469727,56.810001373291016,0.4316425634736952,1,0.003366636532451508,0.8995920534271686
2020-08-04,24.0,56.869998931884766,0.4295384073429093,1,-0.004605254989244966,0.8954492026348381
2020-08-05,24.329999923706055,57.56999969482422,0.4299828714628677,1,0.008462899608160388,0.903027299340944
2020-08-06,24.31999969482422,57.625,0.4294266536256008,1,-0.0008218147721607114,0.9022851781666812
2020-08-07,24.84000015258789,58.540000915527344,0.4315830889324118,1,0.014562929383627202,0.915425093500216
2020-08-10,25.020000457763672,58.834999084472656,0.4325205883069317,1,0.005071530511713962,0.9200676997930909
2020-08-11,25.309999465942383,59.154998779296875,0.4350639714457003,1,0.009238236499731128,0.9285675027995431
2020-08-12,25.239999771118164,59.19499969482422,0.43369371609689816,1,-0.0030598857589325384,0.9257261923215192
2020-08-13,25.079999923706055,58.779998779296875,0.4339833144602265,1,-0.0032986231474359433,0.9226725704753398
2020-08-14,25.18000030517578,58.82500076293945,0.4353229380483813,1,0.003654998303649296,0.9260449371552509
2020-08-17,24.760000228881836,58.45000076293945,0.4311398534979464,1,-0.01390479319783719,0.913168473812203
2020-08-18,24.600000381469727,58.150001525878906,0.4305160752549382,1,-0.004249170030031919,0.9092882657009103
2020-08-19,24.59000015258789,57.915000915527344,0.4320158681557997,1,0.0013333239165092927,0.9105006414925705
2020-08-20,24.360000610351562,57.779998779296875,0.4291854374563416,1,-0.008346331100464285,0.9029013016714884
2020-08-21,24.309999465942383,57.69499969482422,0.4288781810716505,1,-0.0014212253472936824,0.9016180754554484
2020-08-24,24.889999389648438,58.775001525878906,0.4308680957843494,1,0.015830253279639092,0.9158909179514089
2020-08-25,24.959999084472656,58.94499969482422,0.4308669582824994,1,0.0015661387687198709,0.917325330225931
2020-08-26,24.84000015258789,58.71500015258789,0.4305232701532449,1,-0.0031264349368172782,0.9144573722650852
2020-08-27,25.260000228881836,59.56999969482422,0.43138341264479857,1,0.01063899645365432,0.9241862810056315
2020-08-28,25.360000610351562,60.0,0.4300002614896274,1,0.0008449436382239636,0.9249671663243012
2020-08-31,25.059999465942383,59.26499938964844,0.43022240268017914,1,-0.006562190261242478,0.9188973557934788
2020-09-01,25.1299991607666,59.375,0.4306010898415683,1,0.0019947565540987698,0.9207303323164918
2020-09-02,25.489999771118164,60.2599983215332,0.43026183655227423,1,0.007907321740356667,0.9280108432902239
2020-09-03,25.100000381469727,59.244998931884766,0.4309975121585623,1,-0.00805290647042263,0.9205376587656696
2020-09-04,25.290000915527344,59.255001068115234,0.4340648269355566,0,0.0074969784004110035,0.9274389097102008
2020-09-08,24.639999389648438,57.89500045776367,0.43318786101108353,0,-0.0,0.9274389097102008
2020-09-09,24.889999389648438,58.57500076293945,0.432406933504718,0,0.0,0.9274389097102008
2020-09-10,24.540000915527344,57.654998779296875,0.4331680757336635,0,-0.0,0.9274389097102008
2020-09-11,24.709999084472656,57.79499816894531,0.4350354161601745,0,0.0,0.9274389097102008
2020-09-14,25.049999237060547,58.81999969482422,0.43328083440182746,0,0.0,0.9274389097102008
2020-09-15,24.709999084472656,58.52000045776367,0.42977574790654116,0,-0.0,0.9274389097102008
2020-09-16,24.989999771118164,59.06999969482422,0.4304077629146747,0,0.0,0.9274389097102008
2020-09-17,24.729999542236328,58.3849983215332,0.43099203401224573,0,-0.0,0.9274389097102008
2020-09-18,24.68000030517578,57.93000030517578,0.4334212766633484,0,0.0,0.9274389097102008
2020-09-21,23.93000030517578,56.404998779296875,0.43203829128602683,0,-0.0,0.9274389097102008
2020-09-22,23.729999542236328,56.35499954223633,0.4289345730299296,0,-0.0,0.9274389097102008
2020-09-23,23.200000762939453,54.720001220703125,0.4316914959174368,-1,-0.0,0.9274389097102008
2020-09-24,23.25,54.84000015258789,0.4317516145932702,-1,-0.0012084560281730118,0.9263181405689993
2020-09-25,23.489999771118164,55.54999923706055,0.430561657929304,-1,-0.004732795997209363,0.921934065781172
2020-09-28,24.049999237060547,56.83000183105469,0.43068414510328856,-1,-0.01391875642869694,0.9091018900762456
2020-09-29,23.75,56.23500061035156,0.42994780807376864,-1,0.007964785584162625,0.9163426917048599
2020-09-30,24.06999969482422,56.7400016784668,0.4317147075360879,-1,-0.009612657758201538,0.907534203020272
2020-10-01,24.110000610351562,57.189998626708984,0.4291056405615571,-1,0.0017620106880422582,0.9091332879857577
2020-10-02,24.299999237060547,57.68000030517578,0.42868405459501957,-1,-0.004203929933738996,0.9053113553426358
2020-10-05,24.700000762939453,58.5,0.4294992623810946,-1,-0.010366641474061048,0.8959263170994024
2020-10-06,24.450000762939453,57.95500183105469,0.42925851562844364,-1,0.006120152706115345,0.9014095229734783
2020-10-07,24.860000610351562,58.67499923706055,0.4309614039536103,-1,-0.011436064805139614,0.8911009452527836
2020-10-08,25.200000762939453,59.459999084472656,0.4310360696404402,-1,-0.007910857320419724,0.8840515728167977
2020-10-09,25.229999542236328,59.54999923706055,0.43089384265119346,0,-0.000538000659751141,0.8835759524873682
2020-10-12,25.510000228881836,60.029998779296875,0.43209345554319534,0,0.0,0.8835759524873682
2020-10-13,25.020000457763672,59.060001373291016,0.43099076856923885,0,-0.0,0.8835759524873682
2020-10-14,24.780000686645508,58.46500015258789,0.43122829884340197,0,-0.0,0.8835759524873682
2020-10-15,24.969999313354492,58.7400016784668,0.43242660859251786,0,0.0,0.8835759524873682
2020-10-16,24.989999771118164,58.73500061035156,0.43282609749019585,0,0.0,0.8835759524873682
2020-10-19,24.610000610351562,57.81999969482422,0.4330984073739667,0,-0.0,0.8835759524873682
2020-10-20,24.809999465942383,58.209999084472656,0.433631538408713,0,0.0,0.8835759524873682
2020-10-21,24.68000030517578,58.084999084472656,0.4323828850988564,0,-0.0,0.8835759524873682
2020-10-22,25.170000076293945,58.709999084472656,0.43605825873039394,0,0.0,0.8835759524873682
2020-10-23,25.25,58.974998474121094,0.43556607165614225,0,0.0,0.8835759524873682
2020-10-26,24.68000030517578,57.71500015258789,0.4352108325926669,0,-0.0,0.8835759524873682
2020-10-27,24.229999542236328,56.689998626708984,0.4351360424124161,0,-0.0,0.8835759524873682
2020-10-28,23.610000610351562,55.05500030517578,0.43664495987611596,0,-0.0,0.8835759524873682
2020-10-29,23.790000915527344,55.6150016784668,0.43554951538400904,0,0.0,0.8835759524873682
2020-10-30,23.860000610351562,55.53499984741211,0.43734236729379894,0,0.0,0.8835759524873682
2020-11-02,24.309999465942383,56.68000030517578,0.4364942729511961,0,0.0,0.8835759524873682
2020-11-03,24.850000381469727,57.81999969482422,0.4372100592493521,0,0.0,0.8835759524873682
2020-11-04,24.559999465942383,57.66999816894531,0.4334639637574394,0,-0.0,0.8835759524873682
2020-11-05,25.15999984741211,58.814998626708984,0.4351313164509531,0,0.0,0.8835759524873682
2020-11-06,24.959999084472656,58.35499954223633,0.4351775928934139,0,-0.0,0.8835759524873682
2020-11-09,27.010000228881836,62.290000915527344,0.44103699465042,1,0.0,0.8835759524873682
2020-11-10,27.149999618530273,62.77000045776367,0.4400352890428039,1,0.0017846627481633232,0.8851528375749452
2020-11-11,27.040000915527344,62.56999969482422,0.4396702830970935,1,-0.0026494562819003075,0.8828076638289905
2020-11-12,26.59000015258789,61.57500076293945,0.4394683745027725,1,-0.009650326777150924,0.8742882813916675
2020-11-13,27.030000686645508,62.70500183105469,0.4385573996695834,1,0.008482637279583547,0.8817045517605036
2020-11-16,27.6299991607666,63.904998779296875,0.4396961225148148,1,0.01380474906672865,0.8938762618485497
2020-11-17,27.59000015258789,63.75,0.44015172604488606,1,-0.000381202208277963,0.8935355142436058
2020-11-18,27.329999923706055,63.040000915527344,0.4409607901452112,1,-0.004521636836987368,0.8894952711472455
2020-11-19,27.420000076293945,63.14500045776367,0.4416573765221181,1,0.0025586250064056227,0.8917711559910824
2020-11-20,27.18000030517578,62.61000061035156,0.44161681853217016,1,-0.005010757940024533,0.8873027065905152
2020-11-23,27.690000534057617,63.459999084472656,0.4437296080783667,1,0.012768379177608861,0.8986321239935815
2020-11-24,28.65999984741211,65.06999969482422,0.44776364535014473,1,0.023773108495194407,0.919995402974548
2020-11-25,28.559999465942383,64.93000030517578,0.44729089825211216,1,-0.0025258245323192354,0.9176716560160939
2020-11-27,28.469999313354492,64.7249984741211,0.44730564958834457,1,-0.0017390457807103113,0.9160757829946217
2020-11-30,27.8799991607666,63.665000915527344,0.4455746025479808,1,-0.01339807576130708,0.9038021302509611
2020-12-01,28.309999465942383,64.54000091552734,0.44615200077397577,1,0.009299358933824348,0.9122069106653199
2020-12-02,28.6200008392334,64.8550033569336,0.4487377545312428,1,0.008772694690056728,0.9202094233867467
2020-12-03,28.6299991607666,64.94499969482422,0.44833784371499685,1,-0.0002733456158869762,0.9199578881751661
2020-12-04,28.979999542236328,65.84500122070312,0.4475183056584691,1,0.0060119300718511764,0.925488610667923
2020-12-07,28.780000686645508,65.41000366210938,0.4474217513539352,1,-0.003944792761862444,0.921837749895374
2020-12-08,28.770000457763672,65.27999877929688,0.4481384549714495,1,0.0005417963742817912,0.9223371982459434
2020-12-09,28.700000762939453,65.06999969482422,0.44851486031589116,1,-0.0009914637681874734,0.921422734331831
2020-12-10,28.75,65.0199966430664,0.44961051537221786,1,0.002086794965909151,0.9233455546553089
2020-12-11,28.459999084472656,64.58000183105469,0.4482551456068148,1,-0.007044442927790865,0.9168410995929102
2020-12-14,28.1299991607666,63.810001373291016,0.4484516242987596,1,-0.006250582054559956,0.9111103090689117
2020-12-15,28.610000610351562,64.83000183105469,0.44880463100745227,1,0.00989520292491359,0.9201259304641293
2020-12-16,28.65999984741211,64.95999908447266,0.4486865173604984,1,0.0008476700089176198,0.9209058936198112
2020-12-17,28.739999771118164,65.29000091552734,0.44765721310096596,1,0.000511981887253907,0.9213773807572099
2020-12-18,28.489999771118164,64.68000030517578,0.44797808589961924,1,-0.004516243050357671,0.9172162165646084
2020-12-21,28.719999313354492,65.01000213623047,0.44922953988945574,1,0.005787376920038407,0.9225244925270394
2020-12-22,28.440000534057617,64.66000366210938,0.44741732319042427,1,-0.007330715768066689,0.9157617276832437
2020-12-23,28.90999984741211,65.12999725341797,0.4513136031598364,0,0.013273856934236463,0.9279174178423604
2020-12-24,28.950000762939453,65.41000366210938,0.4501015120257004,0,-0.0,0.9279174178423604
2020-12-28,29.09000015258789,65.94999694824219,0.44852819930505844,0,0.0,0.9279174178423604
2020-12-29,28.989999771118164,65.72000122070312,0.448540855095529,0,-0.0,0.9279174178423604
2020-12-30,29.1200008392334,66.08999633789062,0.4480048617239524,0,0.0,0.9279174178423604
2020-12-31,29.479999542236328,66.7699966430664,0.4488161301063808,0,0.0,0.9279174178423604
2021-01-04,29.079999923706055,65.73999786376953,0.4497388890611322,0,-0.0,0.9279174178423604
2021-01-05,29.209999084472656,65.75,0.4516253756425183,0,0.0,0.9279174178423604
2021-01-06,30.5,67.72000122070312,0.4576912409727984,1,0.0,0.9279174178423604
2021-01-07,30.940000534057617,68.47000122070312,0.4592186073557675,1,0.009357309857297123,0.9366002286430944
2021-01-08,30.920000076293945,68.5199966430664,0.45863456156488835,1,-0.0009817394169057533,0.9356807312807526
2021-01-11,31.020000457763672,68.41999816894531,0.4607063617119089,1,0.0039034988777568334,0.9393331599652457
2021-01-12,31.34000015258789,68.79000091552734,0.46289348662838775,1,0.007824500080967302,0.946682972351449
2021-01-13,31.31999969482422,68.94000244140625,0.46166288089503105,1,-0.0016475491108789715,0.9451232656620672
2021-01-14,31.459999084472656,68.94000244140625,0.46362753917163874,1,0.004469967784564544,0.9493479362120191
2021-01-15,30.940000534057617,68.26000213623047,0.46076923985917195,1,-0.011955818565107662,0.9379977045315088
2021-01-19,31.020000457763672,68.44999694824219,0.4606012467358247,1,0.0013031425578230013,0.939220049259424
2021-01-20,30.889999389648438,68.70999908447266,0.4570192086418767,1,-0.005940437986053837,0.93364067080154
2021-01-21,30.559999465942383,68.12999725341797,0.45602449127433775,1,-0.006825229679550717,0.9272683587851497
2021-01-22,30.34000015258789,67.66999816894531,0.455857215681133,1,-0.004119951277264204,0.9234480583260062
2021-01-25,30.1200008392334,67.41000366210938,0.4543884822967365,1,-0.005499684564392848,0.9183693852936121
2021-01-26,29.8799991607666,67.20999908447266,0.45219538957360367,1,-0.0066200184554028665,0.9122897630140915
2021-01-27,29.0,65.33999633789062,0.45165601551398704,1,-0.016869550857179227,0.8968998444604412
2021-01-28,29.540000915527344,66.44999694824219,0.4522256609626982,1,0.01094795598192217,0.9067190644777869
2021-01-29,28.950000762939453,65.19999694824219,0.45187719225349887,1,-0.011466043734780116,0.8963225840293257
2021-02-01,29.329999923706055,66.20999908447266,0.45071631543653007,1,0.006126096878412379,0.9018135430133984
2021-02-02,30.040000915527344,67.62000274658203,0.451801592667699,1,0.01460890599513886,0.9149880522884243
2021-02-03,30.209999084472656,67.72000122070312,0.453632694766873,1,0.004990922393283989,0.919554686648178
2021-02-04,30.8799991607666,69.12000274658203,0.4541794730115262,1,0.0127999674575723,0.9313249567127327
2021-02-05,30.889999389648438,69.2300033569336,0.4536231552810656,1,-0.0003989595578979655,0.9309533957197433
2021-02-08,31.290000915527344,69.7699966430664,0.45581202732561144,1,0.009410968381093572,0.9397145686911337
2021-02-09,31.299999237060547,69.93000030517578,0.45496995881793484,1,-0.0007257772917830766,0.93903254519642
2021-02-10,31.299999237060547,70.0,0.4545069051299647,1,-0.0004554233967175324,0.9386048878050584
2021-02-11,31.200000762939453,70.08000183105469,0.45258768107796354,1,-0.0037142878586260914,0.9351186390662369
2021-02-12,31.520000457763672,70.44999694824219,0.4546873043783596,1,0.007866913527376075,0.9424751365376086
2021-02-16,32.060001373291016,71.11000061035156,0.45807569353400884,1,0.012872316526553646,0.9546069748135275
2021-02-17,32.220001220703125,71.16000366210938,0.46003107476514987,1,0.004668528411322772,0.9590635845970914
2021-02-18,32.029998779296875,70.95999908447266,0.45871856404016503,1,-0.0046040559381245755,0.954648002205388
2021-02-19,32.40999984741211,71.47000122070312,0.46071564812201626,1,0.0085670194947263,0.9628264902508831
2021-02-22,32.709999084472656,72.11000061035156,0.46082376426713023,1,0.005130763505297205,0.9677665252689958
2021-02-23,32.90999984741211,72.62000274658203,0.46034831190344094,1,0.002855158980569711,0.9705296525547122
2021-02-24,33.54999923706055,73.95999908447266,0.46065347256298855,1,0.010952534726751515,0.9811594122776599
2021-02-25,32.939998626708984,72.58999633789062,0.460937755697469,1,-0.009648892892958354,0.9716923101976748
2021-02-26,32.310001373291016,71.36000061035156,0.46009492858985784,1,-0.011315275379378032,0.9606973441237641
2021-03-01,33.31999969482422,73.16000366210938,0.462590079501261,1,0.019654065561078588,0.9795789527095267
2021-03-02,33.20000076293945,72.87000274658203,0.4628235218815077,1,-0.0017677352361765571,0.9778473164782051
2021-03-03,33.459999084472656,73.04000091552734,0.4652714559405703,1,0.00675155522510382,0.9844493066371273
2021-03-04,33.08000183105469,72.08999633789062,0.46614627617927173,1,-0.0053051465629563145,0.9792266587816165
2021-03-05,33.709999084472656,73.41000366210938,0.4663633194296174,1,0.01050926226736263,0.9895176085579457
2021-03-08,34.13999938964844,74.43000030517578,0.4657543354582836,1,0.006275974494741786,0.9957277958313533
2021-03-09,33.83000183105469,74.16999816894531,0.4632514813169632,1,-0.0074531929736626505,0.9883064444197824
2021-03-10,34.52000045776367,75.3499984741211,0.46511011205666575,1,0.01302600247171589,1.0011801266076072
2021-03-11,34.41999816894531,75.54000091552734,0.4626825797707206,1,-0.004069758594892166,0.9971055651823107
2021-03-12,34.77000045776367,76.3499984741211,0.4623188518884706,1,0.005207337878239491,1.0022978307604882
2021-03-15,34.56999969482422,76.26000213623047,0.46027296590510747,1,-0.005207156055363733,0.9970787095417658
2021-03-16,34.209999084472656,75.70999908447266,0.4588627237503305,1,-0.007094086509770173,0.9900053469192265
2021-03-17,34.439998626708984,75.95999908447266,0.4603359402306913,1,0.0052079686041786085,0.9951612636839507
2021-03-18,34.619998931884766,75.93000030517578,0.46286884562176484,1,0.005408289753540517,1.000543384149453
2021-03-19,34.220001220703125,74.69999694824219,0.4650976369905172,0,-0.0040558558669220495,0.9964853243947405
2021-03-22,33.630001068115234,74.20999908447266,0.46038133011622,1,-0.0,0.9964853243947405
2021-03-23,33.15999984741211,73.41999816894531,0.45889443835308596,1,-0.009074673523472705,0.9874425454049264
2021-03-24,33.279998779296875,73.58000183105469,0.45949050579772155,1,0.0026187203835492624,0.990028381326162
2021-03-25,33.84000015258789,74.27999877929688,0.462687739920345,1,0.012455641993399574,1.0023598204072657
2021-03-26,34.369998931884766,75.61000061035156,0.4616111623913152,1,0.007377363465001218,1.0097545931251233
2021-03-29,34.06999969482422,75.05999755859375,0.46099437108031244,1,-0.005370663694896225,1.0043315407910713
2021-03-30,34.310001373291016,75.31999969482422,0.4625571884875429,1,0.005447520322280215,1.0098026572698375
2021-03-31,34.04999923706055,74.87000274658203,0.4619076894120776,1,-0.004814494321506805,1.0049409681105694
2021-04-01,34.470001220703125,75.91000366210938,0.4611026309612117,1,0.005918613437299151,1.010888825228121
2021-04-05,34.7400016784668,76.51000213623047,0.46100297046567024,1,0.004188320717305552,1.0151227518377164
2021-04-06,34.66999816894531,76.44999694824219,0.46045713958490153,1,-0.0016535143125370284,1.0134442318385708
2021-04-07,34.84000015258789,76.72000122070312,0.46103579471612577,1,0.003277200626404573,1.0167654919099782
2021-04-08,34.849998474121094,76.77999877929688,0.46081883452239203,1,-7.356689204909915e-05,1.0166906916327956
2021-04-09,35.150001525878906,77.2300033569336,0.4620023967212171,0,0.005907568110150039,1.022696861140572
2021-04-12,35.29999923706055,77.55999755859375,0.4619901339016201,0,0.0,1.022696861140572
2021-04-13,34.970001220703125,77.16999816894531,0.4600903964579751,0,-0.0,1.022696861140572
2021-04-14,35.18000030517578,77.44000244140625,0.46115282604772173,0,0.0,1.022696861140572
2021-04-15,35.150001525878906,77.87999725341797,0.4582099960009733,0,-0.0,1.022696861140572
2021-04-16,35.400001525878906,78.23999786376953,0.4592380955064042,0,0.0,1.022696861140572
2021-04-19,35.29999923706055,78.11000061035156,0.4587474140835057,0,-0.0,1.022696861140572
2021-04-20,34.63999938964844,77.13999938964844,0.4560343370334775,1,-0.0,1.022696861140572
2021-04-21,35.119998931884766,78.12000274658203,0.4564117077297219,1,0.008063240399085174,1.0309431117873384
2021-04-22,34.72999954223633,77.54000091552734,0.45484029450725477,1,-0.007716138589397306,1.0229882118590028
2021-04-23,35.380001068115234,78.70999908447266,0.456310788108116,1,0.011852783677034,1.0351134698383233
2021-04-26,35.52000045776367,78.9800033569336,0.4565435024514369,1,0.0023917065183090454,1.037589157471325
2021-04-27,35.79999923706055,79.5,0.457078131662625,1,0.004877010498746308,1.042649490685698
2021-04-28,35.939998626708984,79.70999908447266,0.4576314211484915,1,0.002703226626450634,1.0454680085509747
2021-04-29,36.58000183105469,80.7699966430664,0.4595534683433501,1,0.011721883748905261,1.0577228630104087
2021-04-30,36.2599983215332,80.22000122070312,0.4587614807278479,1,-0.0056187606360285506,1.0517797714238986
2021-05-03,36.439998626708984,80.4000015258789,0.45994533338113625,1,0.003934772208147037,1.0559182852375886
2021-05-04,36.72999954223633,80.58000183105469,0.4625013512607704,1,0.006928582935612949,1.0632343026500874
2021-05-05,37.029998779296875,80.77999877929688,0.4650757650460334,1,0.0070197763116150655,1.070697969621527
2021-05-06,37.58000183105469,81.6500015258789,0.4668863770105849,1,0.009844026515153668,1.0812379488242025
2021-05-07,37.779998779296875,82.2300033569336,0.4660582045685764,1,0.0020053649544181113,1.0834062255141614
2021-05-10,37.75,81.9000015258789,0.46753039078584313,1,0.001076325626498517,1.0845723233985904
2021-05-11,37.08000183105469,80.75,0.4659596941684857,1,-0.011183452730797818,1.0724430600867307
2021-05-12,36.70000076293945,79.4000015258789,0.4689713320818012,0,-0.0024581110637401354,1.0698068759355002
2021-05-13,37.290000915527344,80.75,0.46848403531307814,0,0.0,1.0698068759355002
2021-05-14,37.880001068115234,81.87999725341797,0.46921618512742547,0,0.0,1.0698068759355002
2021-05-17,37.95000076293945,81.94999694824219,0.46967385237183973,0,0.0,1.0698068759355002
2021-05-18,37.41999816894531,81.19000244140625,0.4675994123047195,0,-0.0,1.0698068759355002
2021-05-19,37.189998626708984,80.7300033569336,0.46738777574798496,0,-0.0,1.0698068759355002
2021-05-20,37.209999084472656,81.08999633789062,0.4655759836354817,0,-0.0,1.0698068759355002
2021-05-21,37.58000183105469,81.5999984741211,0.46715960584147126,0,0.0,1.0698068759355002
2021-05-24,37.7599983215332,82.06999969482422,0.4667048161347783,0,0.0,1.0698068759355002
2021-05-25,37.380001068115234,81.4800033569336,0.4654415781202948,0,-0.0,1.0698068759355002
2021-05-26,37.4900016784668,81.69999694824219,0.4655149398828721,0,0.0,1.0698068759355002
2021-05-27,37.91999816894531,82.27999877929688,0.4674451875744791,0,0.0,1.0698068759355002
2021-05-28,37.9900016784668,82.43000030517578,0.46747132762729476,0,0.0,1.0698068759355002
2021-06-01,38.220001220703125,83.05999755859375,0.4667007255157296,0,0.0,1.0698068759355002
2021-06-02,38.279998779296875,83.41000366210938,0.4654635510385633,0,-0.0,1.0698068759355002
2021-06-03,38.369998931884766,83.41000366210938,0.4665101718904203,0,0.0,1.0698068759355002
2021-06-04,38.470001220703125,83.61000061035156,0.4666039932606338,0,0.0,1.0698068759355002
2021-06-07,38.220001220703125,83.43000030517578,0.4646473391177258,0,-0.0,1.0698068759355002
2021-06-08,38.119998931884766,83.45999908447266,0.4632735818634526,0,-0.0,1.0698068759355002
2021-06-09,37.7599983215332,82.91999816894531,0.46195656598252716,0,-0.0,1.0698068759355002
2021-06-10,37.31999969482422,82.2699966430664,0.4602765352932408,0,-0.0,1.0698068759355002
2021-06-11,37.560001373291016,82.58999633789062,0.4613625606438231,0,0.0,1.0698068759355002
2021-06-14,37.16999816894531,82.05999755859375,0.45964143460983836,1,-0.0,1.0698068759355002
2021-06-15,37.2400016784668,82.05999755859375,0.46045703510781893,1,0.0018833336822698943,1.0718216792584734
2021-06-16,37.20000076293945,81.80000305175781,0.4614261376868744,1,0.00038474904779674875,1.072234061628976
2021-06-17,36.099998474121094,80.20999908447266,0.4570291802693991,1,-0.020600890286951813,1.0501450853634249
2021-06-18,35.22999954223633,78.55000305175781,0.45559693960566877,1,-0.014641190062334152,1.034769711575593
2021-06-21,35.90999984741211,80.30000305175781,0.4541043744684275,1,0.009151586180271143,1.0442394957678112
2021-06-22,35.970001220703125,80.31999969482422,0.4547071148414074,1,0.0015577990526097906,1.045866211065016
2021-06-23,36.040000915527344,80.43000030517578,0.45496117540039926,1,0.001323322800869965,1.047250229668778
2021-06-24,36.4900016784668,81.05999755859375,0.45696548616766997,1,0.008922498368730556,1.0565943181346504
2021-06-25,36.93000030517578,81.95999908447266,0.4573439269501031,1,0.006984415123110471,1.0639740114692227
2021-06-28,36.65999984741211,81.22000122070312,0.4581722877852818,1,-0.0031818890247654035,1.0605885642394932
2021-06-29,36.529998779296875,81.05999755859375,0.45749703588115437,1,-0.002643527569289478,1.057784869130253
2021-06-30,36.689998626708984,81.05000305175781,0.45948694300317583,1,0.004436365951947392,1.0624775899081473
2021-07-01,36.97999954223633,81.63999938964844,0.4597460883241163,1,0.00455929168685117,1.0673217351512811
2021-07-02,36.939998626708984,81.75,0.4586566577004702,1,-0.0017011460811148281,1.0655060649642398
2021-07-06,36.36000061035156,81.05000305175781,0.4555197413877671,1,-0.011773765690079749,1.052961046213992
2021-07-07,36.40999984741211,81.19000244140625,0.4553056308868092,1,0.000588287595139113,1.0535804901356443
2021-07-08,35.68000030517578,79.94999694824219,0.45329607913573605,1,-0.013095594372372676,1.0397832273981822
2021-07-09,36.709999084472656,81.83000183105469,0.45545341843987325,1,0.01820853064430467,1.058716152157696
2021-07-12,37.06999969482422,82.52999877929688,0.455979912042732,1,0.005910531897624288,1.064973727745554
2021-07-13,36.66999816894531,81.81999969482422,0.4550764135732576,1,-0.006867678499845025,1.057659830572616
2021-07-14,36.5,81.81999969482422,0.4530161743030109,1,-0.004635892485243653,1.0527566333121203
2021-07-15,36.619998931884766,82.12999725341797,0.45274022035276884,1,0.0015712656731708071,1.0544107936722464
2021-07-16,36.119998931884766,81.36000061035156,0.4509194887278886,1,-0.009409148055508397,1.0444896864032582
2021-07-19,35.11000061035156,79.16999816894531,0.4506206902066636,1,-0.01582470653951218,1.0279609436323796
2021-07-20,35.97999954223633,80.9800033569336,0.4512917178766839,1,0.014477026331665394,1.0428427612812692
2021-07-21,36.599998474121094,81.97000122070312,0.4534085414933261,1,0.011714628186269845,1.0550592764864222
2021-07-22,36.20000076293945,81.33000183105469,0.45211828118195546,1,-0.007388809568262017,1.0472636444092356
2021-07-23,36.2599983215332,81.80000305175781,0.45025236056436657,1,-0.0009553734441551062,1.046263116534338
2021-07-26,36.470001220703125,82.0999984741211,0.45112798913905094,1,0.004140318997058368,1.0505949795916465
2021-07-27,36.459999084472656,82.25,0.4502082701494573,1,-0.0010984939057652858,1.0494409074091373
2021-07-28,36.40999984741211,81.94000244140625,0.4512683443513885,1,0.00032547524888990324,1.0497824744496715
2021-07-29,36.810001373291016,82.6500015258789,0.4522406170416191,1,0.007075855391919622,1.057210583431849
2021-07-30,36.52000045776367,82.20999908447266,0.4511686612334618,1,-0.005470732652400815,1.0514268669726048
2021-08-02,36.529998779296875,81.91000366210938,0.4528955269576547,1,0.0019201521569493776,1.0534457665390968
2021-08-03,36.939998626708984,82.4000015258789,0.45518266717506584,1,0.008514359371848662,1.0624151823741632
2021-08-04,36.630001068115234,81.97000122070312,0.45384821228612615,1,-0.006016573142202608,1.0560230837220226
2021-08-05,37.11000061035156,82.98999786376953,0.4540339848915496,1,0.007456523756729403,1.0638973449334506
2021-08-06,37.86000061035156,84.06999969482422,0.45711825160259345,1,0.014301551456642077,1.079112727556601
2021-08-09,37.959999084472656,84.04000091552734,0.4584942117945631,1,0.0028043836918378567,1.0821389736914155
2021-08-10,38.36000061035156,84.33999633789062,0.46159185116693746,1,0.008900773293825392,1.0917708473686556
2021-08-11,38.79999923706055,85.0199966430664,0.46310770378637756,1,0.007748611540188243,1.1002305555558174
2021-08-12,38.869998931884766,85.0,0.464047648156825,1,0.0019130384857833872,1.1023353389518304
2021-08-13,38.58000183105469,84.7699966430664,0.46193309981057096,1,-0.006205015607932062,1.0954953309684592
2021-08-16,38.47999954223633,84.76000213623047,0.46079458666023215,1,-0.002537613202996912,1.0927153875527722
2021-08-17,38.209999084472656,84.22000122070312,0.46053268378847745,1,-0.004080949182713114,1.0882560715850007
2021-08-18,37.7400016784668,83.2699966430664,0.46014844681442507,1,-0.007105552436414167,1.0805234110041073
2021-08-19,37.459999084472656,82.91000366210938,0.45878911410143025,1,-0.005429937801321441,1.0746562360894834
2021-08-20,37.689998626708984,83.33999633789062,0.45915874249388633,1,0.003760471724800053,1.078697450479178
2021-08-23,38.0,83.9000015258789,0.4597890747576572,1,0.005139701458938942,1.0842416333391596
2021-08-24,38.22999954223633,84.23999786376953,0.4606633920957439,1,0.004189370441037581,1.088783923188813
2021-08-25,38.68000030517578,84.80999755859375,0.4628682348635846,1,0.00865385789128634,1.098206104534406
2021-08-26,38.4900016784668,84.4000015258789,0.4628952763362811,1,-0.00267442494761611,1.095269034730815
2021-08-27,39.0,85.44999694824219,0.4631752660274135,1,0.0074914076322198635,1.1034741415369316
2021-08-30,38.45000076293945,84.7300033569336,0.46067709591745465,1,-0.010199873561636066,1.0922188448147199
2021-08-31,38.400001525878906,84.7300033569336,0.46006102275144356,1,-0.0013003702488542102,1.0907985559236848
2021-09-01,38.18000030517578,84.75,0.45738468736162197,1,-0.005837774596572797,1.0844307198239354
2021-09-02,38.310001373291016,84.83999633789062,0.4583822473054824,1,0.0029192535044255535,1.0875964480030882
2021-09-03,38.06999969482422,84.51000213623047,0.45736372826579264,1,-0.004481799867614666,1.0827220583864097
2021-09-07,37.84000015258789,84.01000213623047,0.45733441760219234,1,-0.0033355165714895074,1.0791106210183445
2021-09-08,37.75,84.04000091552734,0.45611670567467155,1,-0.002541747169797664,1.0763677946514725
2021-09-09,37.86000061035156,83.80999755859375,0.4586220379789198,0,0.004162238211657891,1.0808478938161687
2021-09-10,37.58000183105469,83.05999755859375,0.45940968522628556,0,-0.0,1.0808478938161687
2021-09-13,38.0099983215332,83.80000305175781,0.46048865745528084,0,0.0,1.0808478938161687
2021-09-14,37.5,82.9000015258789,0.459378476207152,0,-0.0,1.0808478938161687
2021-09-15,37.86000061035156,83.54000091552734,0.46014693210141094,0,0.0,1.0808478938161687
2021-09-16,37.75,83.45999908447266,0.4592936777991939,0,-0.0,1.0808478938161687
2021-09-17,37.58000183105469,82.9800033569336,0.4598779893532139,0,-0.0,1.0808478938161687
2021-09-20,36.54999923706055,80.97000122070312,0.4586314444357254,0,-0.0,1.0808478938161687
2021-09-21,36.5,80.91999816894531,0.45828338911812583,0,-0.0,1.0808478938161687
2021-09-22,37.11000061035156,82.05999755859375,0.459343710683582,0,0.0,1.0808478938161687
2021-09-23,38.02000045776367,84.0,0.4595850927995405,0,0.0,1.0808478938161687
2021-09-24,38.220001220703125,84.02999877929688,0.4617749105474477,0,0.0,1.0808478938161687
2021-09-27,38.7400016784668,85.06999969482422,0.4622710234814082,0,0.0,1.0808478938161687
2021-09-28,38.099998474121094,83.6500015258789,0.4624682545926798,0,-0.0,1.0808478938161687
2021-09-29,38.130001068115234,83.81999969482422,0.46189820147188415,0,-0.0,1.0808478938161687
2021-09-30,37.529998779296875,82.55000305175781,0.4617326821708221,0,-0.0,1.0808478938161687
2021-10-01,38.150001525878906,83.7300033569336,0.4626266886218988,0,0.0,1.0808478938161687
2021-10-04,37.81999969482422,83.0199966430664,0.46262085887716725,0,-0.0,1.0808478938161687
2021-10-05,38.560001373291016,84.55999755859375,0.4629475731700746,0,0.0,1.0808478938161687
2021-10-06,38.599998474121094,84.72000122070312,0.46255447205194705,0,0.0,1.0808478938161687
2021-10-07,38.83000183105469,85.33999633789062,0.4618885892476194,0,0.0,1.0808478938161687
2021-10-08,39.02000045776367,85.80999755859375,0.4615667611841766,0,0.0,1.0808478938161687
2021-10-11,38.630001068115234,85.0,0.4613768755195639,0,-0.0,1.0808478938161687
2021-10-12,38.5099983215332,84.87000274658203,0.4606777140059639,0,-0.0,1.0808478938161687
2021-10-13,38.290000915527344,84.61000061035156,0.4595032371714349,0,-0.0,1.0808478938161687
2021-10-14,38.93000030517578,86.06999969482422,0.4591280457898484,0,0.0,1.0808478938161687
2021-10-15,39.5099983215332,87.19999694824219,0.4598235569666731,0,0.0,1.0808478938161687
2021-10-18,39.52000045776367,87.20999908447266,0.45989353347247947,0,0.0,1.0808478938161687
2021-10-19,39.90999984741211,88.13999938964844,0.45946839015379476,0,0.0,1.0808478938161687
2021-10-20,40.22999954223633,88.83999633789062,0.45944490817820033,0,0.0,1.0808478938161687
2021-10-21,40.060001373291016,88.75,0.45801423794163165,0,-0.0,1.0808478938161687
2021-10-22,40.619998931884766,89.80999755859375,0.4588237446742343,0,0.0,1.0808478938161687
2021-10-25,40.56999969482422,89.83000183105469,0.4581825268073061,0,-0.0,1.0808478938161687
2021-10-26,40.599998474121094,89.93000030517578,0.4580008655704708,0,0.0,1.0808478938161687
2021-10-27,39.93000030517578,88.37999725341797,0.45843818929520014,0,-0.0,1.0808478938161687
2021-10-28,40.41999816894531,89.62000274658203,0.4575693650587922,0,0.0,1.0808478938161687
2021-10-29,40.2599983215332,89.22000122070312,0.45781295428644037,0,-0.0,1.0808478938161687
2021-11-01,40.279998779296875,89.5,0.4566190840764904,0,-0.0,1.0808478938161687
2021-11-02,40.380001068115234,89.77999877929688,0.4562974007801086,0,0.0,1.0808478938161687
2021-11-03,40.529998779296875,90.23999786376953,0.4556351203253175,0,0.0,1.0808478938161687
2021-11-04,40.0,88.98999786376953,0.4560611449966141,0,-0.0,1.0808478938161687
2021-11-05,40.02000045776367,89.02999877929688,0.4560859519399096,0,0.0,1.0808478938161687
2021-11-08,40.2400016784668,89.37999725341797,0.45675548312133174,-1,0.0,1.0808478938161687
2021-11-09,40.02000045776367,89.0199966430664,0.45614915557915137,-1,0.0036275283613999417,1.0847687002053463
2021-11-10,39.95000076293945,88.61000061035156,0.4574407506225049,-1,-0.0003517511272712521,1.0843871315922204
2021-11-11,40.060001373291016,88.97000122070312,0.4568479528377344,-1,-0.0008949879124505748,1.0834166182170284
2021-11-12,40.150001525878906,89.18000030517578,0.45677479354235956,-1,-0.0011683191805813983,1.0821508418014048
2021-11-15,40.150001525878906,89.13999938964844,0.45697626188502843,-1,-0.00020488237126015346,1.0819291281708754
2021-11-16,40.11000061035156,89.1500015258789,0.4564849293621405,-1,0.0010475627323313914,1.083062516804571
2021-11-17,39.650001525878906,88.19999694824219,0.4561866638027235,-1,0.006604021847602423,1.0902150853278678
2021-11-18,39.45000076293945,87.86000061035156,0.4556800527866932,0,0.0032856314247400975,1.0937971302719467
2021-11-19,39.02000045776367,86.93000030517578,0.4556036687535275,0,-0.0,1.0937971302719467
2021-11-22,39.56999969482422,88.05000305175781,0.45605277405430467,0,0.0,1.0937971302719467
2021-11-23,40.189998626708984,89.30000305175781,0.45661698063827433,0,0.0,1.0937971302719467
2021-11-24,40.099998474121094,89.16999816894531,0.4562848243290175,0,-0.0,1.0937971302719467
2021-11-26,38.77000045776367,86.36000061035156,0.45574891308453086,0,-0.0,1.0937971302719467
2021-11-29,38.88999938964844,86.69999694824219,0.4553426468549666,0,0.0,1.0937971302719467
2021-11-30,37.959999084472656,84.4800033569336,0.4562596636990925,0,-0.0,1.0937971302719467
2021-12-01,37.540000915527344,83.61000061035156,0.4560032886977903,0,-0.0,1.0937971302719467
2021-12-02,38.65999984741211,86.01000213623047,0.4563005262443507,0,0.0,1.0937971302719467
2021-12-03,38.029998779296875,84.5999984741211,0.45645814276899604,0,-0.0,1.0937971302719467
2021-12-06,38.61000061035156,85.69000244140625,0.4574202253641748,0,0.0,1.0937971302719467
2021-12-07,39.29999923706055,87.23999786376953,0.45721452343009045,0,0.0,1.0937971302719467
2021-12-08,39.09000015258789,86.83000183105469,0.4569566693780017,0,-0.0,1.0937971302719467
2021-12-09,39.0099983215332,86.5,0.457758328493656,0,-0.0,1.0937971302719467
2021-12-10,39.04999923706055,86.54000091552734,0.4580162304731922,0,0.0,1.0937971302719467
2021-12-13,38.630001068115234,85.20999908447266,0.4601798179932228,-1,-0.0,1.0937971302719467
2021-12-14,38.86000061035156,85.5999984741211,0.46079380834273603,-1,-0.0038477033757997616,1.0895885233613591
2021-12-15,38.970001220703125,86.06999969482422,0.45957429083721646,0,-0.00030062379912482303,1.0892609671199833
2021-12-16,39.459999084472656,86.79000091552734,0.4613806047578406,0,0.0,1.0892609671199833
2021-12-17,38.59000015258789,85.0,0.4609010754195924,0,-0.0,1.0892609671199833
2021-12-20,37.65999984741211,83.33999633789062,0.45897939813126193,1,-0.0,1.0892609671199833
2021-12-21,38.439998626708984,85.08000183105469,0.45873214821930985,1,0.011128844158414627,1.1013831826709055
2021-12-22,38.619998931884766,85.69000244140625,0.45757204901607545,1,0.0013936448978209975,1.1029181197239806
2021-12-23,38.81999969482422,86.29000091552734,0.4566991341483056,1,0.0019747799240149165,1.1050961402846438
2021-12-27,39.220001220703125,87.20999908447266,0.4564575516276856,1,0.00543481690598699,1.1111021354706037
2021-12-28,39.2400016784668,87.12000274658203,0.4571459717686634,0,0.0009809968242314568,1.112192123136897
2021-12-29,39.189998626708984,87.06999969482422,0.456847263209849,0,-0.0,1.112192123136897
2021-12-30,39.119998931884766,86.79000091552734,0.45750021898623167,0,-0.0,1.112192123136897
2021-12-31,39.04999923706055,86.69000244140625,0.4572328955917539,0,-0.0,1.112192123136897
2022-01-03,39.529998779296875,87.56999969482422,0.45811202675870943,0,0.0,1.112192123136897
2022-01-04,40.56999969482422,89.5999984741211,0.4593586366186094,0,0.0,1.112192123136897
2022-01-05,40.099998474121094,88.37999725341797,0.4603726123643692,0,-0.0,1.112192123136897
2022-01-06,40.689998626708984,89.79000091552734,0.4597267535035285,0,0.0,1.112192123136897
2022-01-07,41.16999816894531,90.63999938964844,0.4606990446177002,0,0.0,1.112192123136897
2022-01-10,41.029998779296875,90.37000274658203,0.4605402274215042,0,-0.0,1.112192123136897
2022-01-11,41.38999938964844,91.27999877929688,0.459893706773876,0,0.0,1.112192123136897
2022-01-12,41.41999816894531,91.31999969482422,0.4600117947258726,0,0.0,1.112192123136897
2022-01-13,41.2599983215332,90.88999938964844,0.46042265633076696,0,-0.0,1.112192123136897
2022-01-14,40.83000183105469,90.16000366210938,0.459405370523201,0,-0.0,1.112192123136897
2022-01-18,39.91999816894531,88.2300033569336,0.45913635502608247,0,-0.0,1.112192123136897
2022-01-19,39.25,86.69000244140625,0.4595485768305681,0,-0.0,1.112192123136897
2022-01-20,39.0,86.12999725341797,0.4596377188274186,0,-0.0,1.112192123136897
2022-01-21,38.20000076293945,84.37999725341797,0.45968899716380845,0,-0.0,1.112192123136897
2022-01-24,38.310001373291016,84.66000366210938,0.45947108554937094,0,0.0,1.112192123136897
2022-01-25,38.470001220703125,84.58000183105469,0.46176062001090573,0,0.0,1.112192123136897
2022-01-26,38.56999969482422,84.81999969482422,0.4616655997627225,0,0.0,1.112192123136897
2022-01-27,38.220001220703125,84.18000030517578,0.46102982697225137,0,-0.0,1.112192123136897
2022-01-28,38.720001220703125,85.41000366210938,0.46023650723445425,0,0.0,1.112192123136897
2022-01-31,39.060001373291016,86.36000061035156,0.4591043185134062,0,0.0,1.112192123136897
2022-02-01,39.599998474121094,87.56999969482422,0.45891269518981037,0,0.0,1.112192123136897
2022-02-02,39.869998931884766,88.13999938964844,0.45900513580594476,0,0.0,1.112192123136897
2022-02-03,39.43000030517578,87.02999877929688,0.45978610344138304,-1,-0.0,1.112192123136897
2022-02-04,40.099998474121094,88.47000122070312,0.459885645905312,-1,-0.009384448965426577,1.1017548129175694
2022-02-07,40.220001220703125,88.68000030517578,0.4601482851275056,-1,-0.0019009679674952555,1.0996604123101794
2022-02-08,40.779998779296875,89.70999908447266,0.46110773795548055,-1,-0.008578838517594063,1.0902266032087795
2022-02-09,41.040000915527344,90.30000305175781,0.4609866823057166,-1,-0.003343117433415773,1.0865818476452187
2022-02-10,40.68000030517578,89.48999786376953,0.4611320894594052,-1,0.004636821669962455,1.0916201339025677
2022-02-11,40.11000061035156,87.9800033569336,0.46253128128446486,-1,0.006230956641233626,1.098421971625612
2022-02-14,39.65999984741211,86.9800033569336,0.46268997143286816,-1,0.005961934283047866,1.1049706912355
2022-02-15,40.20000076293945,88.29000091552734,0.4619434957302555,-1,-0.006647227216501292,1.0976256999832832
2022-02-16,40.22999954223633,88.41000366210938,0.461649840513662,-1,-0.00011837002809552365,1.0974957739983378
2022-02-17,39.22999954223633,86.11000061035156,0.46233835785338817,-1,0.012847163760504902,1.1115954819333567
2022-02-18,39.220001220703125,85.95999908447266,0.4630276585761876,-1,-0.0005505179933538336,1.1109835286192216
2022-02-22,39.02000045776367,85.48999786376953,0.46323914731888294,-1,0.0025677742344898027,1.1138362834989526
2022-02-23,38.34000015258789,84.08999633789062,0.4628785052978537,-1,0.009840870017691752,1.1247974015858546
2022-02-24,37.880001068115234,83.18000030517578,0.4624185532541667,-1,0.0069887609053696405,1.132658341692519
2022-02-25,39.099998474121094,86.01000213623047,0.4613652449950922,-1,-0.016474207664237874,1.1139986929588452
2022-02-28,38.52000045776367,84.83000183105469,0.4609428975373869,-1,0.008504083621876142,1.123472230998428
2022-03-01,37.099998474121094,81.8499984741211,0.4603974722216483,-1,0.020671499234412503,1.1466960863613957
2022-03-02,38.060001373291016,84.19999694824219,0.45892496311117914,-1,-0.012657600346439824,1.1321816655814065
2022-03-03,37.939998626708984,83.77999877929688,0.4597578204144557,-1,0.0008638239952001845,1.1331596712710614
2022-03-04,37.22999954223633,82.16000366210938,0.4601792230915256,-1,0.009823720371465844,1.1442915150178505
2022-03-07,35.869998931884766,78.95999908447266,0.4615323979205859,-1,0.01860643096231143,1.165582696092789
2022-03-08,35.65999984741211,78.62000274658203,0.4608931942596259,-1,0.0038671223065748638,1.1700901469370073
2022-03-09,36.970001220703125,81.48999786376953,0.46072346527300345,-1,-0.019911135717026067,1.1467923232201895
2022-03-10,36.65999984741211,80.8499984741211,0.46053795473830833,-1,0.004766822282616559,1.1522588784200491
2022-03-11,36.400001525878906,80.30999755859375,0.4603974535946239,-1,0.004016198319432891,1.1568865785911113
2022-03-14,36.86000061035156,81.02999877929688,0.4619710785790107,-1,-0.008509747132898666,1.1470417663458568
2022-03-15,37.380001068115234,82.08999633789062,0.4623625601490549,-1,-0.00806415036024601,1.1377918490725616
2022-03-16,38.43000030517578,84.54000091552734,0.46137637261975073,-1,-0.01429049452551966,1.1215322408822093
2022-03-17,38.90999984741211,85.44999694824219,0.4620645425173121,-1,-0.007523933984251915,1.1130939063406013
2022-03-18,39.0,85.87000274658203,0.46087259726952723,-1,-4.1883689951069305e-05,1.1130472858605418
2022-03-21,38.810001373291016,85.72000122070312,0.45946780686194116,-1,0.004066686984056202,1.11757370077059
2022-03-22,39.439998626708984,87.12999725341797,0.4592441960081811,-1,-0.008675138112181006,1.1078785945658638
2022-03-23,38.709999084472656,85.52999877929688,0.45929574170217047,-1,0.010075855768473167,1.1190414194936882
2022-03-24,39.02000045776367,85.8499984741211,0.46117575154057217,-1,-0.00628990521836576,1.1120027550296474
2022-03-25,39.52000045776367,86.80999755859375,0.46185779360542856,-1,-0.007656943082294069,1.1034882132270312
2022-03-28,39.40999984741211,86.61000061035156,0.4616660054909817,-1,0.0017193665517323353,1.1053855139510846
2022-03-29,39.5,87.16999816894531,0.4597448572508424,0,0.0007013231381535119,1.106160746388598
2022-03-30,39.220001220703125,86.29000091552734,0.46113269607099594,0,-0.0,1.106160746388598
2022-03-31,38.31999969482422,84.52999877929688,0.46013847587629764,0,-0.0,1.106160746388598
2022-04-01,38.220001220703125,84.37000274658203,0.459816953998994,0,-0.0,1.106160746388598
2022-04-04,38.04999923706055,84.0,0.45981408853233685,0,-0.0,1.106160746388598
2022-04-05,37.810001373291016,83.33000183105469,0.46061349837936694,0,-0.0,1.106160746388598
2022-04-06,37.54999923706055,82.6500015258789,0.46125448145444137,0,-0.0,1.106160746388598
2022-04-07,37.5099983215332,82.47000122070312,0.4617767405250031,0,-0.0,1.106160746388598
2022-04-08,37.88999938964844,83.18000030517578,0.46240704290016216,0,0.0,1.106160746388598
2022-04-11,37.720001220703125,82.79000091552734,0.4625384129489428,0,-0.0,1.106160746388598
2022-04-12,37.310001373291016,81.93000030517578,0.462394814438522,0,-0.0,1.106160746388598
2022-04-13,37.310001373291016,82.11000061035156,0.46139187661544423,0,-0.0,1.106160746388598
2022-04-14,36.88999938964844,81.2300033569336,0.46120968273001084,0,-0.0,1.106160746388598
2022-04-18,37.11000061035156,81.47000122070312,0.4625324512439014,0,0.0,1.106160746388598
2022-04-19,37.619998931884766,82.66000366210938,0.4620632127297396,0,0.0,1.106160746388598
2022-04-20,37.880001068115234,83.30999755859375,0.4615757685820288,0,0.0,1.106160746388598
2022-04-21,37.279998779296875,81.88999938964844,0.4622252673149048,0,-0.0,1.106160746388598
2022-04-22,36.16999816894531,79.45999908447266,0.4623935011443881,0,-0.0,1.106160746388598
2022-04-25,36.22999954223633,79.58000183105469,0.46245205427920083,0,0.0,1.106160746388598
2022-04-26,35.31999969482422,77.44000244140625,0.46343579721228173,-1,-0.0,1.106160746388598
2022-04-27,35.290000915527344,77.47000122070312,0.46289470583806475,-1,0.0010288687544620894,1.1072988406179698
2022-04-28,35.7400016784668,78.54000091552734,0.46231029454613515,-1,-0.006358102660379314,1.1002585209136018
2022-04-29,34.5099983215332,75.7699966430664,0.46293222894638353,-1,0.018110227074463688,1.1201844525679607
2022-05-02,34.52000045776367,76.08999633789062,0.4611511937368715,-1,0.0016652703231953706,1.122049862493327
2022-05-03,34.970001220703125,77.0999984741211,0.4609175808305841,-1,-0.0069147220373243405,1.1142911995821676
2022-05-04,36.040000915527344,79.33000183105469,0.4614523183319558,-1,-0.017266286416394834,1.0950515285789137
2022-05-05,34.9900016784668,77.02999877929688,0.46160067750551637,-1,0.01575545425973285,1.1123045628494894
2022-05-06,34.7400016784668,76.44999694824219,0.4618292192072031,-1,0.0036692492004533777,1.1163858854773854
2022-05-09,33.90999984741211,74.4800033569336,0.4628544171506991,-1,0.011991221997109967,1.1297727164645848
2022-05-10,33.61000061035156,73.95999908447266,0.46209188319298716,-1,0.0056153697101697445,1.1361168079559962
2022-05-11,33.29999923706055,73.12000274658203,0.463113434561331,-1,0.003975304720780866,1.1406332184660222
2022-05-12,33.04999923706055,72.87999725341797,0.46126961732241467,-1,0.005987406967290151,1.147462653745388
2022-05-13,33.529998779296875,74.12000274658203,0.4599931644574449,-1,-0.006675234913809981,1.1398030709768139
2022-05-16,33.25,73.54000091552734,0.45979649199825817,-1,0.004751168577865839,1.1452184675125938
2022-05-17,34.13999938964844,75.56999969482422,0.4592114192332022,-1,-0.014074672857635822,1.129099892231831
2022-05-18,33.20000076293945,73.43000030517578,0.4597543652655323,-1,0.014529646670868836,1.1455053147220755
2022-05-19,32.97999954223633,72.93000030517578,0.45989616598995825,-1,0.0034959804490895395,1.149509978906672
2022-05-20,32.91999816894531,72.94999694824219,0.45896739358575833,-1,0.0019454247972967873,1.1517462641243772
2022-05-23,33.9900016784668,75.13999938964844,0.4598273683475498,-1,-0.018724671037594422,1.13018019420987
2022-05-24,33.91999816894531,74.88999938964844,0.46042951575684116,-1,0.0005296303040732287,1.1307787718897868
2022-05-25,34.189998626708984,75.55999755859375,0.4599343470611941,-1,-0.0038407189578755626,1.1264357684234265
2022-05-26,34.97999954223633,77.38999938964844,0.45925221627559987,-1,-0.011966962408413214,1.1129557539272112
2022-05-27,35.56999969482422,78.73999786376953,0.4588597771645701,-1,-0.00885554647282287,1.1030999225261133
2022-05-31,35.470001220703125,78.43000030517578,0.45938185004666204,-1,0.0010047946346547112,1.1042083114097556
2022-06-01,34.900001525878906,77.12999725341797,0.4597307779463973,-1,0.008455503822452574,1.1135449490076648
2022-06-02,35.380001068115234,78.41000366210938,0.4583524534233429,-1,-0.006124132406736665,1.106725452299089
2022-06-03,34.869998931884766,77.19999694824219,0.45889030998521657,-1,0.0073417848027127015,1.1148507924055537
2022-06-06,34.970001220703125,77.55000305175781,0.4581268367494102,-1,-0.0007873627798178858,1.113973000386563
2022-06-07,35.2400016784668,78.0999984741211,0.45834348065085617,-1,-0.004471817120842805,1.1089915168512778
2022-06-08,34.619998931884766,76.7300033569336,0.4584465601302261,-1,0.009553665083130812,1.119586450383308
2022-06-09,33.75,74.5199966430664,0.46027326531397256,-1,0.011925600558505639,1.1329381911812944
2022-06-10,32.529998779296875,71.9000015258789,0.4601219007993433,-1,0.01996576668403979,1.1555581707738583
2022-06-13,31.559999465942383,69.61000061035156,0.4612473248975613,-1,0.01516381687248238,1.1730808432609738
2022-06-14,31.290000915527344,69.0999984741211,0.46078286269249286,-1,0.005175729170193761,1.1791523920004352
2022-06-15,31.639999389648438,69.91000366210938,0.4604427445673894,-1,-0.005784236452750548,1.1723318957512783
2022-06-16,30.84000015258789,67.95999908447266,0.461793019091135,-1,0.012441265050146156,1.1869171875930602
2022-06-17,30.93000030517578,68.22000122070312,0.4613887132907311,-1,-0.0011515598946108846,1.1855503813616037
2022-06-21,31.3799991607666,69.6500015258789,0.4583482145033885,-1,-0.004877499264993123,1.1797678602479003
2022-06-22,31.309999465942383,69.4800033569336,0.4584010867701506,-1,0.001111997609541497,1.1810797592883098
2022-06-23,31.190000534057617,69.3499984741211,0.4575508306540662,-1,0.0029748874081101722,1.1845933385921903
2022-06-24,32.34000015258789,72.01000213623047,0.4565770772763459,-1,-0.019320859636582807,1.1617059769708196
2022-06-27,32.22999954223633,71.7300033569336,0.45680291856740923,-1,0.001626056244626854,1.1635949762290934
2022-06-28,31.90999984741211,71.06999969482422,0.4565546822763349,-1,0.005725483668773066,1.1702571202625593
2022-06-29,31.729999542236328,70.52999877929688,0.45746583242228994,-1,0.0021719010115425798,1.1727988028858225
2022-06-30,31.450000762939453,69.9800033569336,0.4570899163202835,-1,0.005257083282319207,1.1789643038659974
2022-07-01,31.8799991607666,70.91000366210938,0.4571513786761138,-1,-0.007597941445338229,1.1700066021190796
2022-07-05,31.770000457763672,70.77999877929688,0.45645335838682577,-1,0.0026122670020400185,1.1730629717579644
2022-07-06,31.690000534057617,70.52999877929688,0.45691203957065374,-1,0.0009058706055518012,1.1741256150225412
2022-07-07,32.150001525878906,71.56999969482422,0.45670904958756464,-1,-0.007778249340282071,1.1649929732320838
2022-07-08,32.08000183105469,71.3499984741211,0.45712284788276625,-1,0.0007733923613981583,1.1658939698986641
2022-07-11,31.81999969482422,70.7699966430664,0.4572010305624801,-1,0.004388867429770405,1.1710109239697182
2022-07-12,31.6200008392334,70.31999969482422,0.45728190878102265,-1,0.0033781681898413024,1.1749667958230292
2022-07-13,31.34000015258789,69.62000274658203,0.457840501352278,-1,0.004303186371464975,1.1800228969257387
2022-07-14,30.739999771118164,68.29000091552734,0.4579763332586038,-1,0.010398412921792761,1.1922932622651425
2022-07-15,31.780000686645508,70.55000305175781,0.4580511936758539,-1,-0.01867581564622743,1.1700262131028396
2022-07-18,31.65999984741211,70.2699966430664,0.4581672746217194,-1,0.0019580234099861827,1.1723171518183924
2022-07-19,32.61000061035156,72.45999908447266,0.45741957876797956,-1,-0.01572731051051112,1.1538797559549465
2022-07-20,32.72999954223633,72.80999755859375,0.4568623023497742,-1,-0.00147037813039277,1.1521831163966874
2022-07-21,32.939998626708984,73.26000213623047,0.4569117476892021,-1,-0.0035924516646389983,1.1480439542422192
2022-07-22,32.75,72.72000122070312,0.45767183690749064,-1,0.002400116222986077,1.150799393161497
2022-07-25,32.959999084472656,73.18000030517578,0.45767867171714366,-1,-0.003517127721173355,1.1467518847142992
2022-07-26,32.5,72.19000244140625,0.4575865376624299,-1,0.007764688518511373,1.1556560559071216
2022-07-27,33.0,73.31999969482422,0.4573520723493154,-1,-0.008221968019708165,1.146154288773671
2022-07-28,33.2400016784668,73.98999786376953,0.45645665879219816,-1,-0.003093494825035537,1.1426086664126576
2022-07-29,33.709999084472656,75.05000305175781,0.45625674997703347,-1,-0.007600162995700301,1.1339246543076216
2022-08-01,33.43000030517578,74.43000030517578,0.4562910718404592,-1,0.004536878420521886,1.1390691326022477
2022-08-02,33.060001373291016,73.66000366210938,0.4560459656042973,-1,0.0063474277652524206,1.1462992916410693
2022-08-03,33.560001373291016,74.80000305175781,0.45577575732719683,-1,-0.008066018800565261,1.1370532200036179
2022-08-04,33.45000076293945,74.58999633789062,0.4555835660018916,-1,0.001998104411572289,1.1393251710586996
2022-08-05,33.689998626708984,75.12999725341797,0.455500874728307,-1,-0.0038765861013120967,1.1349084789356982
2022-08-08,33.66999816894531,75.12999725341797,0.4552378257740185,-1,0.0005936615784785104,1.1355822304947318
2022-08-09,33.84000015258789,75.38999938964844,0.4559091012601606,-1,-0.0034736241803119045,1.1316376446001528
2022-08-10,34.599998474121094,77.2300033569336,0.4548899977780504,-1,-0.011331446074444902,1.1188145536545544
2022-08-11,35.0099983215332,78.0,0.45563550262730446,-1,-0.007314374244881512,1.110631125298505
2022-08-12,35.560001373291016,79.30000305175781,0.4551129751404056,-1,-0.008115942251572887,1.101617307222783
2022-08-15,35.54999923706055,79.37000274658203,0.4545852613357943,-1,0.0006830122144617265,1.1023697252992786
2022-08-16,35.810001373291016,79.83000183105469,0.45520847917073065,-1,-0.004679095510583473,1.0972116320666276
2022-08-17,35.630001068115234,79.4000015258789,0.45541202308377515,-1,0.0025745795659148038,1.1000364907140305
2022-08-18,35.66999816894531,79.5999984741211,0.4547817999732231,-1,2.4547983223119872e-05,1.1000634943913494
2022-08-19,34.959999084472656,77.88999938964844,0.4556080464331733,-1,0.010134852179503169,1.1112124752950736
2022-08-22,34.189998626708984,76.25,0.4553342618517304,-1,0.012432208996493211,1.1250273010274525
2022-08-23,34.04999923706055,76.0,0.45499247593371295,-1,0.0026018476445670135,1.1279544506607044
2022-08-24,34.22999954223633,76.37999725341797,0.4550786735779091,-1,-0.0030114067567735617,1.124557721006652
2022-08-25,34.7599983215332,77.52999877929688,0.4551659093095964,-1,-0.00863164934154428,1.1148509330945964
2022-08-26,33.720001220703125,75.16999816894531,0.45559931312475144,-1,0.016064189094571173,1.132760109296087
2022-08-29,33.47999954223633,74.56999969482422,0.45604223107129266,-1,0.0034809447464202265,1.1367031846474955
2022-08-30,33.29999923706055,74.18000030517578,0.4560217702330073,-1,0.0029912628563044798,1.1401033626623747
2022-08-31,33.04999923706055,73.69000244140625,0.45567031865091057,-1,0.004495244369627215,1.1452284058841757
2022-09-01,33.150001525878906,73.87999725341797,0.45584302801414556,-1,-0.0018509338986100526,1.1431086638060737
2022-09-02,32.88999938964844,73.29000091552734,0.4559647715745683,-1,0.00420289641941898,1.147913031116191
2022-09-06,32.810001373291016,73.13999938964844,0.45581162936829367,-1,0.0014990738558629986,1.1496338375299415
2022-09-07,33.459999084472656,74.62000274658203,0.4554775126872471,-1,-0.010587517907081808,1.1374620686885062
2022-09-08,34.04999923706055,75.93000030517578,0.45538374241635216,-1,-0.009636826952788289,1.1265005435671944
2022-09-09,34.36000061035156,76.6500015258789,0.45515046817414084,-1,-0.004786152671800403,1.1211089399808156
2022-09-12,34.63999938964844,77.2699966430664,0.45511851628842803,-1,-0.004467421482313636,1.1161004738183316
2022-09-13,33.349998474121094,74.4000015258789,0.4553227716777945,-1,0.020336006120193532,1.1387974998846522
2022-09-14,33.25,74.27999877929688,0.4547281725624051,-1,0.0022640467722753457,1.1413757906885413
2022-09-15,33.36000061035156,74.47000122070312,0.45502997636271036,-1,-0.0021451298464989794,1.138927391413864
2022-09-16,33.060001373291016,73.70999908447266,0.45563857703816757,-1,0.004348983225665148,1.1438805675343735
2022-09-19,33.2599983215332,74.54000091552734,0.45327166471731223,-1,-0.0009188554445739797,1.1428295066469523
2022-09-20,32.77000045776367,73.38999938964844,0.4536420733145368,-1,0.007739282356475992,1.151674186884205
2022-09-21,32.09000015258789,71.94999694824219,0.45329271267766963,-1,0.011849677796574882,1.1653211549254152
2022-09-22,31.549999237060547,70.69000244140625,0.45370843988482384,-1,0.008889599827162701,1.1756803936628293
2022-09-23,31.049999237060547,69.51000213623047,0.454204294944388,-1,0.008274285040961945,1.1854083083570657
2022-09-26,30.559999465942383,68.01000213623047,0.4568867929345695,-1,0.005979431609220412,1.1924963762658882
2022-09-27,30.43000030517578,67.7699966430664,0.4566517190776334,-1,0.00264155794349102,1.1956464245411977
2022-09-28,31.030000686645508,69.08000183105469,0.4566726950837618,-1,-0.010890243617863645,1.1826255436971165
2022-09-29,30.639999389648438,68.18000030517578,0.45696963679368574,-1,0.006618811539332644,1.1904531192924486
2022-09-30,30.360000610351562,67.55000305175781,0.45708869487567116,-1,0.004915847926197386,1.1963052057901578
2022-10-03,31.18000030517578,69.37000274658203,0.45691731272742575,-1,-0.01469387161353881,1.178726850685669
2022-10-04,32.34000015258789,72.16000366210938,0.4552765476764767,-1,-0.018826515014526892,1.1565355319332091
2022-10-05,32.09000015258789,71.61000061035156,0.455253221320717,-1,0.004260250120729911,1.161462662572756
2022-10-06,31.639999389648438,70.63999938964844,0.45513811434632523,-1,0.007856400753678792,1.1705875787103623
2022-10-07,30.889999389648438,68.95999908447266,0.455337186922167,-1,0.012879821066418093,1.1856645372667234
2022-10-10,30.75,68.66000366210938,0.45529313117007303,-1,0.0025513463685521076,1.1886895781781999
2022-10-11,30.360000610351562,67.7699966430664,0.4555081145098218,-1,0.006781158351678345,1.196750270438816
2022-10-12,30.290000915527344,67.63999938964844,0.45535707160324057,-1,0.0014318939003046683,1.1984638898512452
2022-10-13,31.540000915527344,70.20999908447266,0.4565204209945062,-1,-0.023966331322215605,1.1697411071893589
2022-10-14,31.010000228881836,69.0199966430664,0.4567261081725268,-1,0.009066429391875033,1.180346482344465
2022-10-17,31.790000915527344,70.75,0.4565855569610122,-1,-0.013705245022768452,1.1641695445921711
2022-10-18,32.29999923706055,71.80000305175781,0.4570085567641493,-1,-0.009266526382800493,1.153381736793155
2022-10-19,31.770000457763672,70.66999816894531,0.45683152195997123,-1,0.009216126051456629,1.1640114482648887
2022-10-20,31.260000228881836,69.38999938964844,0.4578584448007352,-1,0.007778600850706516,1.173065828706594
2022-10-21,32.189998626708984,71.37999725341797,0.4581477065671609,-1,-0.016619756303481954,1.1535697605055484
2022-10-24,32.619998931884766,72.27999877929688,0.4583966154948606,-1,-0.007581596622904251,1.1448238599050151
2022-10-25,33.0099983215332,73.27999877929688,0.4574697643894218,0,-0.005613880381409313,1.1383969556977251
2022-10-26,33.09000015258789,73.5,0.45717657290633607,0,0.0,1.1383969556977251
2022-10-27,33.36000061035156,74.0999984741211,0.45711375678647787,0,0.0,1.1383969556977251
2022-10-28,34.189998626708984,75.91000366210938,0.4571474870223379,0,0.0,1.1383969556977251
2022-10-31,33.97999954223633,75.4800033569336,0.4569742197203199,0,-0.0,1.1383969556977251
2022-11-01,34.06999969482422,75.83999633789062,0.45600061813989756,0,0.0,1.1383969556977251
2022-11-02,33.63999938964844,74.8499984741211,0.45626175850454204,0,-0.0,1.1383969556977251
2022-11-03,33.29999923706055,74.0999984741211,0.4562950913943862,0,-0.0,1.1383969556977251
2022-11-04,33.90999984741211,75.5,0.45591292684841833,0,0.0,1.1383969556977251
2022-11-07,34.25,76.20999908447266,0.4561190858042183,0,0.0,1.1383969556977251
2022-11-08,34.45000076293945,76.54000091552734,0.4567612062390669,0,0.0,1.1383969556977251
2022-11-09,33.869998931884766,75.16999816894531,0.4573582499742541,0,-0.0,1.1383969556977251
2022-11-10,35.58000183105469,79.11000061035156,0.4561648574827246,-1,0.0,1.1383969556977251
2022-11-11,35.869998931884766,79.7300033569336,0.4562366836542504,-1,-0.0045754986406015725,1.1331882219744651
2022-11-14,35.36000061035156,78.33000183105469,0.4578264763379193,-1,0.006206775019381246,1.1402216663228733
2022-11-15,35.439998626708984,78.61000061035156,0.4572466686905249,-1,-0.0006258387055891924,1.139508071471137
2022-11-16,35.27000045776367,78.08999633789062,0.45808584787872486,-1,0.0017721066630975476,1.1415274013172445
2022-11-17,35.08000183105469,77.63999938964844,0.4583025146394373,-1,0.0027472361366907795,1.144663446645166
2022-11-18,35.369998931884766,78.19000244140625,0.4587867392726774,-1,-0.005020112959726191,1.1389171068421378
2022-11-21,35.47999954223633,78.47000122070312,0.4585619920693108,-1,-0.0014670800130563947,1.1372462243181616
2022-11-22,35.84000015258789,79.22000122070312,0.45876017556604753,-1,-0.005763738344635575,1.130691434647767
2022-11-23,35.9900016784668,79.55000305175781,0.45874592873725867,-1,-0.0022742816887614415,1.1281199238223083
2022-11-25,36.11000061035156,79.94000244140625,0.4580165464005179,-1,-0.001085196051901039,1.1268956925349054
2022-11-28,35.4900016784668,78.5,0.4584923304610152,-1,0.008919229764255033,1.1369467341369737
2022-11-29,35.70000076293945,78.91000366210938,0.45877591377978527,-1,-0.003522438979207553,1.1329419086433667
2022-11-30,36.310001373291016,80.37999725341797,0.4579770786075878,-1,-0.008540436286032339,1.1232660904568224
2022-12-01,36.099998474121094,79.9000015258789,0.45808570142308463,-1,0.003048762753079564,1.1266906622752044
2022-12-02,35.93000030517578,79.55999755859375,0.4579118088254402,-1,0.002759767186264246,1.129800066194022
2022-12-05,35.040000915527344,77.3499984741211,0.45941553467462176,-1,0.012050602077384098,1.1434148372187283
2022-12-06,34.72999954223633,76.73999786376953,0.4590625704318703,-1,0.005224010005405998,1.1493880477686886
2022-12-07,34.59000015258789,76.30999755859375,0.4597917425792874,-1,0.0014587958166291234,1.1510647702444572
2022-12-08,34.619998931884766,76.55000305175781,0.45876839962737853,-1,0.0005788412083800973,1.1517310539669892
2022-12-09,34.529998779296875,76.19000244140625,0.4597165842338638,-1,0.00044215431021888156,1.1522402968167136
2022-12-12,34.9900016784668,77.18000030517578,0.45979555888141294,-1,-0.007348367015845708,1.1437732122252573
2022-12-13,35.08000183105469,77.0,0.4619986075002487,-1,-0.0036445095188282805,1.1396047198659214
2022-12-14,34.63999938964844,75.95999908447266,0.4625507880846448,-1,0.006302841662407765,1.1467874679729688
2022-12-15,33.959999084472656,74.55999755859375,0.46214175481291936,-1,0.011105325411772383,1.159522915982951
2022-12-16,33.70000076293945,73.91999816894531,0.46260499992348936,-1,0.0036891383791938064,1.1638005564738583
2022-12-19,33.400001525878906,73.73999786376953,0.45973536337867793,0,0.007775579158797972,1.1728497798257738
2022-12-20,33.540000915527344,73.95999908447266,0.4602020152461684,0,0.0,1.1728497798257738
2022-12-21,34.060001373291016,75.29000091552734,0.4589846758064361,0,0.0,1.1728497798257738
2022-12-22,33.7599983215332,74.54000091552734,0.4595411087210898,0,-0.0,1.1728497798257738
2022-12-23,33.95000076293945,75.0,0.45926883133579877,0,0.0,1.1728497798257738
2022-12-27,33.939998626708984,74.95999908447266,0.45937384427644185,0,-0.0,1.1728497798257738
2022-12-28,33.81999969482422,74.55999755859375,0.4602106640216659,0,-0.0,1.1728497798257738
2022-12-29,34.290000915527344,75.75,0.45920034219946315,0,0.0,1.1728497798257738
2022-12-30,34.20000076293945,75.47000122070312,0.4596841246058003,0,-0.0,1.1728497798257738
