Date,XLF,IYF
2020-01-02,31.079999923706055,69.26499938964844
2020-01-03,30.75,68.875
2020-01-06,30.729999542236328,68.83499908447266
2020-01-07,30.530000686645508,68.37000274658203
2020-01-08,30.729999542236328,68.79000091552734
2020-01-09,30.920000076293945,69.23999786376953
2020-01-10,30.690000534057617,69.04000091552734
2020-01-13,30.899999618530273,69.61499786376953
2020-01-14,30.84000015258789,69.3949966430664
2020-01-15,30.670000076293945,69.44499969482422
2020-01-16,30.940000534057617,70.02999877929688
2020-01-17,31.030000686645508,70.33499908447266
2020-01-21,30.770000457763672,70.13500213623047
2020-01-22,30.860000610351562,70.21499633789062
2020-01-23,30.780000686645508,70.25499725341797
2020-01-24,30.389999389648438,69.55000305175781
2020-01-27,29.920000076293945,68.58999633789062
2020-01-28,30.270000457763672,69.25499725341797
2020-01-29,30.219999313354492,69.16500091552734
2020-01-30,30.600000381469727,69.8550033569336
2020-01-31,29.959999084472656,68.43499755859375
2020-02-03,30.170000076293945,68.91999816894531
2020-02-04,30.459999084472656,69.71499633789062
2020-02-05,31.06999969482422,70.55500030517578
2020-02-06,31.030000686645508,70.58499908447266
2020-02-07,30.920000076293945,70.375
2020-02-10,31.010000228881836,70.72000122070312
2020-02-11,31.1200008392334,71.02999877929688
2020-02-12,31.139999389648438,71.26499938964844
2020-02-13,31.1299991607666,71.44499969482422
2020-02-14,31.170000076293945,71.70999908447266
2020-02-18,30.899999618530273,71.31500244140625
2020-02-19,31.1299991607666,71.5
2020-02-20,31.06999969482422,71.63500213623047
2020-02-21,30.770000457763672,71.0999984741211
2020-02-24,29.770000457763672,68.94000244140625
2020-02-25,28.760000228881836,66.53500366210938
2020-02-26,28.549999237060547,66.00499725341797
2020-02-27,27.329999923706055,63.0
2020-02-28,26.59000015258789,61.7400016784668
2020-03-02,27.950000762939453,64.8499984741211
2020-03-03,26.899999618530273,62.685001373291016
2020-03-04,27.790000915527344,64.9800033569336
2020-03-05,26.450000762939453,62.404998779296875
2020-03-06,25.549999237060547,60.650001525878906
2020-03-09,22.809999465942383,54.744998931884766
2020-03-10,24.149999618530273,57.78499984741211
2020-03-11,22.84000015258789,54.564998626708984
2020-03-12,20.3700008392334,49.0
2020-03-13,23.049999237060547,54.44499969482422
2020-03-16,19.889999389648438,47.11000061035156
2020-03-17,20.969999313354492,48.63999938964844
2020-03-18,19.190000534057617,44.82500076293945
2020-03-19,19.610000610351562,45.380001068115234
2020-03-20,18.90999984741211,43.70000076293945
2020-03-23,17.65999984741211,41.18000030517578
2020-03-24,19.850000381469727,46.01499938964844
2020-03-25,20.389999389648438,47.439998626708984
2020-03-26,21.670000076293945,50.46500015258789
2020-03-27,21.010000228881836,49.025001525878906
2020-03-30,21.40999984741211,50.099998474121094
2020-03-31,20.81999969482422,48.63999938964844
2020-04-01,19.549999237060547,45.6150016784668
2020-04-02,20.040000915527344,46.64500045776367
2020-04-03,19.639999389648438,45.630001068115234
2020-04-06,21.049999237060547,49.19499969482422
2020-04-07,21.260000228881836,49.584999084472656
2020-04-08,22.190000534057617,52.119998931884766
2020-04-09,23.3799991607666,54.560001373291016
2020-04-13,22.530000686645508,52.59000015258789
2020-04-14,22.6299991607666,53.185001373291016
2020-04-15,21.649999618530273,50.7599983215332
2020-04-16,21.270000457763672,49.939998626708984
2020-04-17,22.389999389648438,52.41999816894531
2020-04-20,22.0,51.09000015258789
2020-04-21,21.290000915527344,49.70000076293945
2020-04-22,21.520000457763672,50.310001373291016
2020-04-23,21.43000030517578,50.17499923706055
2020-04-24,21.739999771118164,50.685001373291016
2020-04-27,22.479999542236328,52.47999954223633
2020-04-28,22.719999313354492,52.939998626708984
2020-04-29,23.3799991607666,54.65999984741211
2020-04-30,22.790000915527344,53.38999938964844
2020-05-01,22.059999465942383,51.665000915527344
2020-05-04,21.860000610351562,51.415000915527344
2020-05-05,21.790000915527344,51.494998931884766
2020-05-06,21.31999969482422,50.525001525878906
2020-05-07,21.81999969482422,51.54499816894531
2020-05-08,22.290000915527344,52.709999084472656
2020-05-11,21.860000610351562,51.86000061035156
2020-05-12,21.290000915527344,50.17499923706055
2020-05-13,20.65999984741211,48.69499969482422
2020-05-14,21.190000534057617,49.779998779296875
2020-05-15,21.049999237060547,49.654998779296875
2020-05-18,22.1299991607666,52.279998779296875
2020-05-19,21.59000015258789,51.220001220703125
2020-05-20,22.06999969482422,52.30500030517578
2020-05-21,22.0,52.15999984741211
2020-05-22,21.920000076293945,52.17499923706055
2020-05-26,23.059999465942383,54.5099983215332
2020-05-27,24.059999465942383,56.2400016784668
2020-05-28,23.68000030517578,55.744998931884766
2020-05-29,23.40999984741211,55.185001373291016
2020-06-01,23.68000030517578,55.904998779296875
2020-06-02,23.8700008392334,56.310001373291016
2020-06-03,24.760000228881836,58.21500015258789
2020-06-04,25.299999237060547,58.71500015258789
2020-06-05,26.239999771118164,60.900001525878906
2020-06-08,26.739999771118164,61.994998931884766
2020-06-09,26.170000076293945,60.959999084472656
2020-06-10,25.190000534057617,59.040000915527344
2020-06-11,23.1299991607666,54.6349983215332
2020-06-12,23.829999923706055,56.34000015258789
2020-06-15,24.15999984741211,56.69499969482422
2020-06-16,24.540000915527344,57.60499954223633
2020-06-17,24.170000076293945,56.86000061035156
2020-06-18,24.139999389648438,56.7400016784668
2020-06-19,23.979999542236328,56.2400016784668
2020-06-22,23.709999084472656,56.130001068115234
2020-06-23,23.81999969482422,56.28499984741211
2020-06-24,22.979999542236328,54.3650016784668
2020-06-25,23.59000015258789,55.599998474121094
2020-06-26,22.579999923706055,53.58000183105469
2020-06-29,22.829999923706055,54.290000915527344
2020-06-30,23.139999389648438,55.06999969482422
2020-07-01,22.940000534057617,55.005001068115234
2020-07-02,22.969999313354492,55.05500030517578
2020-07-06,23.40999984741211,55.779998779296875
2020-07-07,22.93000030517578,54.65999984741211
2020-07-08,23.170000076293945,55.0
2020-07-09,22.68000030517578,54.04499816894531
2020-07-10,23.459999084472656,55.29499816894531
2020-07-13,23.559999465942383,55.11000061035156
2020-07-14,23.68000030517578,55.61000061035156
2020-07-15,24.149999618530273,56.68000030517578
2020-07-16,24.149999618530273,56.43000030517578
2020-07-17,23.950000762939453,56.334999084472656
2020-07-20,23.84000015258789,56.13999938964844
2020-07-21,24.309999465942383,56.79999923706055
2020-07-22,24.309999465942383,57.06999969482422
2020-07-23,24.329999923706055,57.029998779296875
2020-07-24,24.270000457763672,56.72999954223633
2020-07-27,24.06999969482422,56.59000015258789
2020-07-28,24.010000228881836,56.685001373291016
2020-07-29,24.459999084472656,57.79999923706055
2020-07-30,24.020000457763672,57.005001068115234
2020-07-31,24.030000686645508,56.869998931884766
2020-08-03,24.100000381469727,56.810001373291016
2020-08-04,24.0,56.869998931884766
2020-08-05,24.329999923706055,57.56999969482422
2020-08-06,24.31999969482422,57.625
2020-08-07,24.84000015258789,58.540000915527344
2020-08-10,25.020000457763672,58.834999084472656
2020-08-11,25.309999465942383,59.154998779296875
2020-08-12,25.239999771118164,59.19499969482422
2020-08-13,25.079999923706055,58.779998779296875
2020-08-14,25.18000030517578,58.82500076293945
2020-08-17,24.760000228881836,58.45000076293945
2020-08-18,24.600000381469727,58.150001525878906
2020-08-19,24.59000015258789,57.915000915527344
2020-08-20,24.360000610351562,57.779998779296875
2020-08-21,24.309999465942383,57.69499969482422
2020-08-24,24.889999389648438,58.775001525878906
2020-08-25,24.959999084472656,58.94499969482422
2020-08-26,24.84000015258789,58.71500015258789
2020-08-27,25.260000228881836,59.56999969482422
2020-08-28,25.360000610351562,60.0
2020-08-31,25.059999465942383,59.26499938964844
2020-09-01,25.1299991607666,59.375
2020-09-02,25.489999771118164,60.2599983215332
2020-09-03,25.100000381469727,59.244998931884766
2020-09-04,25.290000915527344,59.255001068115234
2020-09-08,24.639999389648438,57.89500045776367
2020-09-09,24.889999389648438,58.57500076293945
2020-09-10,24.540000915527344,57.654998779296875
2020-09-11,24.709999084472656,57.79499816894531
2020-09-14,25.049999237060547,58.81999969482422
2020-09-15,24.709999084472656,58.52000045776367
2020-09-16,24.989999771118164,59.06999969482422
2020-09-17,24.729999542236328,58.3849983215332
2020-09-18,24.68000030517578,57.93000030517578
2020-09-21,23.93000030517578,56.404998779296875
2020-09-22,23.729999542236328,56.35499954223633
2020-09-23,23.200000762939453,54.720001220703125
2020-09-24,23.25,54.84000015258789
2020-09-25,23.489999771118164,55.54999923706055
2020-09-28,24.049999237060547,56.83000183105469
2020-09-29,23.75,56.23500061035156
2020-09-30,24.06999969482422,56.7400016784668
2020-10-01,24.110000610351562,57.189998626708984
2020-10-02,24.299999237060547,57.68000030517578
2020-10-05,24.700000762939453,58.5
2020-10-06,24.450000762939453,57.95500183105469
2020-10-07,24.860000610351562,58.67499923706055
2020-10-08,25.200000762939453,59.459999084472656
2020-10-09,25.229999542236328,59.54999923706055
2020-10-12,25.510000228881836,60.029998779296875
2020-10-13,25.020000457763672,59.060001373291016
2020-10-14,24.780000686645508,58.46500015258789
2020-10-15,24.969999313354492,58.7400016784668
2020-10-16,24.989999771118164,58.73500061035156
2020-10-19,24.610000610351562,57.81999969482422
2020-10-20,24.809999465942383,58.209999084472656
2020-10-21,24.68000030517578,58.084999084472656
2020-10-22,25.170000076293945,58.709999084472656
2020-10-23,25.25,58.974998474121094
2020-10-26,24.68000030517578,57.71500015258789
2020-10-27,24.229999542236328,56.689998626708984
2020-10-28,23.610000610351562,55.05500030517578
2020-10-29,23.790000915527344,55.6150016784668
2020-10-30,23.860000610351562,55.53499984741211
2020-11-02,24.309999465942383,56.68000030517578
2020-11-03,24.850000381469727,57.81999969482422
2020-11-04,24.559999465942383,57.66999816894531
2020-11-05,25.15999984741211,58.814998626708984
2020-11-06,24.959999084472656,58.35499954223633
2020-11-09,27.010000228881836,62.290000915527344
2020-11-10,27.149999618530273,62.77000045776367
2020-11-11,27.040000915527344,62.56999969482422
2020-11-12,26.59000015258789,61.57500076293945
2020-11-13,27.030000686645508,62.70500183105469
2020-11-16,27.6299991607666,63.904998779296875
2020-11-17,27.59000015258789,63.75
2020-11-18,27.329999923706055,63.040000915527344
2020-11-19,27.420000076293945,63.14500045776367
2020-11-20,27.18000030517578,62.61000061035156
2020-11-23,27.690000534057617,63.459999084472656
2020-11-24,28.65999984741211,65.06999969482422
2020-11-25,28.559999465942383,64.93000030517578
2020-11-27,28.469999313354492,64.7249984741211
2020-11-30,27.8799991607666,63.665000915527344
2020-12-01,28.309999465942383,64.54000091552734
2020-12-02,28.6200008392334,64.8550033569336
2020-12-03,28.6299991607666,64.94499969482422
2020-12-04,28.979999542236328,65.84500122070312
2020-12-07,28.780000686645508,65.41000366210938
2020-12-08,28.770000457763672,65.27999877929688
2020-12-09,28.700000762939453,65.06999969482422
2020-12-10,28.75,65.0199966430664
2020-12-11,28.459999084472656,64.58000183105469
2020-12-14,28.1299991607666,63.810001373291016
2020-12-15,28.610000610351562,64.83000183105469
2020-12-16,28.65999984741211,64.95999908447266
2020-12-17,28.739999771118164,65.29000091552734
2020-12-18,28.489999771118164,64.68000030517578
2020-12-21,28.719999313354492,65.01000213623047
2020-12-22,28.440000534057617,64.66000366210938
2020-12-23,28.90999984741211,65.12999725341797
2020-12-24,28.950000762939453,65.41000366210938
2020-12-28,29.09000015258789,65.94999694824219
2020-12-29,28.989999771118164,65.72000122070312
2020-12-30,29.1200008392334,66.08999633789062
2020-12-31,29.479999542236328,66.7699966430664
2021-01-04,29.079999923706055,65.73999786376953
2021-01-05,29.209999084472656,65.75
2021-01-06,30.5,67.72000122070312
2021-01-07,30.940000534057617,68.47000122070312
2021-01-08,30.920000076293945,68.5199966430664
2021-01-11,31.020000457763672,68.41999816894531
2021-01-12,31.34000015258789,68.79000091552734
2021-01-13,31.31999969482422,68.94000244140625
2021-01-14,31.459999084472656,68.94000244140625
2021-01-15,30.940000534057617,68.26000213623047
2021-01-19,31.020000457763672,68.44999694824219
2021-01-20,30.889999389648438,68.70999908447266
2021-01-21,30.559999465942383,68.12999725341797
2021-01-22,30.34000015258789,67.66999816894531
2021-01-25,30.1200008392334,67.41000366210938
2021-01-26,29.8799991607666,67.20999908447266
2021-01-27,29.0,65.33999633789062
2021-01-28,29.540000915527344,66.44999694824219
2021-01-29,28.950000762939453,65.19999694824219
2021-02-01,29.329999923706055,66.20999908447266
2021-02-02,30.040000915527344,67.62000274658203
2021-02-03,30.209999084472656,67.72000122070312
2021-02-04,30.8799991607666,69.12000274658203
2021-02-05,30.889999389648438,69.2300033569336
2021-02-08,31.290000915527344,69.7699966430664
2021-02-09,31.299999237060547,69.93000030517578
2021-02-10,31.299999237060547,70.0
2021-02-11,31.200000762939453,70.08000183105469
2021-02-12,31.520000457763672,70.44999694824219
2021-02-16,32.060001373291016,71.11000061035156
2021-02-17,32.220001220703125,71.16000366210938
2021-02-18,32.029998779296875,70.95999908447266
2021-02-19,32.40999984741211,71.47000122070312
2021-02-22,32.709999084472656,72.11000061035156
2021-02-23,32.90999984741211,72.62000274658203
2021-02-24,33.54999923706055,73.95999908447266
2021-02-25,32.939998626708984,72.58999633789062
2021-02-26,32.310001373291016,71.36000061035156
2021-03-01,33.31999969482422,73.16000366210938
2021-03-02,33.20000076293945,72.87000274658203
2021-03-03,33.459999084472656,73.04000091552734
2021-03-04,33.08000183105469,72.08999633789062
2021-03-05,33.709999084472656,73.41000366210938
2021-03-08,34.13999938964844,74.43000030517578
2021-03-09,33.83000183105469,74.16999816894531
2021-03-10,34.52000045776367,75.3499984741211
2021-03-11,34.41999816894531,75.54000091552734
2021-03-12,34.77000045776367,76.3499984741211
2021-03-15,34.56999969482422,76.26000213623047
2021-03-16,34.209999084472656,75.70999908447266
2021-03-17,34.439998626708984,75.95999908447266
2021-03-18,34.619998931884766,75.93000030517578
2021-03-19,34.220001220703125,74.69999694824219
2021-03-22,33.630001068115234,74.20999908447266
2021-03-23,33.15999984741211,73.41999816894531
2021-03-24,33.279998779296875,73.58000183105469
2021-03-25,33.84000015258789,74.27999877929688
2021-03-26,34.369998931884766,75.61000061035156
2021-03-29,34.06999969482422,75.05999755859375
2021-03-30,34.310001373291016,75.31999969482422
2021-03-31,34.04999923706055,74.87000274658203
2021-04-01,34.470001220703125,75.91000366210938
2021-04-05,34.7400016784668,76.51000213623047
2021-04-06,34.66999816894531,76.44999694824219
2021-04-07,34.84000015258789,76.72000122070312
2021-04-08,34.849998474121094,76.77999877929688
2021-04-09,35.150001525878906,77.2300033569336
2021-04-12,35.29999923706055,77.55999755859375
2021-04-13,34.970001220703125,77.16999816894531
2021-04-14,35.18000030517578,77.44000244140625
2021-04-15,35.150001525878906,77.87999725341797
2021-04-16,35.400001525878906,78.23999786376953
2021-04-19,35.29999923706055,78.11000061035156
2021-04-20,34.63999938964844,77.13999938964844
2021-04-21,35.119998931884766,78.12000274658203
2021-04-22,34.72999954223633,77.54000091552734
2021-04-23,35.380001068115234,78.70999908447266
2021-04-26,35.52000045776367,78.9800033569336
2021-04-27,35.79999923706055,79.5
2021-04-28,35.939998626708984,79.70999908447266
2021-04-29,36.58000183105469,80.7699966430664
2021-04-30,36.2599983215332,80.22000122070312
2021-05-03,36.439998626708984,80.4000015258789
2021-05-04,36.72999954223633,80.58000183105469
2021-05-05,37.029998779296875,80.77999877929688
2021-05-06,37.58000183105469,81.6500015258789
2021-05-07,37.779998779296875,82.2300033569336
2021-05-10,37.75,81.9000015258789
2021-05-11,37.08000183105469,80.75
2021-05-12,36.70000076293945,79.4000015258789
2021-05-13,37.290000915527344,80.75
2021-05-14,37.880001068115234,81.87999725341797
2021-05-17,37.95000076293945,81.94999694824219
2021-05-18,37.41999816894531,81.19000244140625
2021-05-19,37.189998626708984,80.7300033569336
2021-05-20,37.209999084472656,81.08999633789062
2021-05-21,37.58000183105469,81.5999984741211
2021-05-24,37.7599983215332,82.06999969482422
2021-05-25,37.380001068115234,81.4800033569336
2021-05-26,37.4900016784668,81.69999694824219
2021-05-27,37.91999816894531,82.27999877929688
2021-05-28,37.9900016784668,82.43000030517578
2021-06-01,38.220001220703125,83.05999755859375
2021-06-02,38.279998779296875,83.41000366210938
2021-06-03,38.369998931884766,83.41000366210938
2021-06-04,38.470001220703125,83.61000061035156
2021-06-07,38.220001220703125,83.43000030517578
2021-06-08,38.119998931884766,83.45999908447266
2021-06-09,37.7599983215332,82.91999816894531
2021-06-10,37.31999969482422,82.2699966430664
2021-06-11,37.560001373291016,82.58999633789062
2021-06-14,37.16999816894531,82.05999755859375
2021-06-15,37.2400016784668,82.05999755859375
2021-06-16,37.20000076293945,81.80000305175781
2021-06-17,36.099998474121094,80.20999908447266
2021-06-18,35.22999954223633,78.55000305175781
2021-06-21,35.90999984741211,80.30000305175781
2021-06-22,35.970001220703125,80.31999969482422
2021-06-23,36.040000915527344,80.43000030517578
2021-06-24,36.4900016784668,81.05999755859375
2021-06-25,36.93000030517578,81.95999908447266
2021-06-28,36.65999984741211,81.22000122070312
2021-06-29,36.529998779296875,81.05999755859375
2021-06-30,36.689998626708984,81.05000305175781
2021-07-01,36.97999954223633,81.63999938964844
2021-07-02,36.939998626708984,81.75
2021-07-06,36.36000061035156,81.05000305175781
2021-07-07,36.40999984741211,81.19000244140625
2021-07-08,35.68000030517578,79.94999694824219
2021-07-09,36.709999084472656,81.83000183105469
2021-07-12,37.06999969482422,82.52999877929688
2021-07-13,36.66999816894531,81.81999969482422
2021-07-14,36.5,81.81999969482422
2021-07-15,36.619998931884766,82.12999725341797
2021-07-16,36.119998931884766,81.36000061035156
2021-07-19,35.11000061035156,79.16999816894531
2021-07-20,35.97999954223633,80.9800033569336
2021-07-21,36.599998474121094,81.97000122070312
2021-07-22,36.20000076293945,81.33000183105469
2021-07-23,36.2599983215332,81.80000305175781
2021-07-26,36.470001220703125,82.0999984741211
2021-07-27,36.459999084472656,82.25
2021-07-28,36.40999984741211,81.94000244140625
2021-07-29,36.810001373291016,82.6500015258789
2021-07-30,36.52000045776367,82.20999908447266
2021-08-02,36.529998779296875,81.91000366210938
2021-08-03,36.939998626708984,82.4000015258789
2021-08-04,36.630001068115234,81.97000122070312
2021-08-05,37.11000061035156,82.98999786376953
2021-08-06,37.86000061035156,84.06999969482422
2021-08-09,37.959999084472656,84.04000091552734
2021-08-10,38.36000061035156,84.33999633789062
2021-08-11,38.79999923706055,85.0199966430664
2021-08-12,38.869998931884766,85.0
2021-08-13,38.58000183105469,84.7699966430664
2021-08-16,38.47999954223633,84.76000213623047
2021-08-17,38.209999084472656,84.22000122070312
2021-08-18,37.7400016784668,83.2699966430664
2021-08-19,37.459999084472656,82.91000366210938
2021-08-20,37.689998626708984,83.33999633789062
2021-08-23,38.0,83.9000015258789
2021-08-24,38.22999954223633,84.23999786376953
2021-08-25,38.68000030517578,84.80999755859375
2021-08-26,38.4900016784668,84.4000015258789
2021-08-27,39.0,85.44999694824219
2021-08-30,38.45000076293945,84.7300033569336
2021-08-31,38.400001525878906,84.7300033569336
2021-09-01,38.18000030517578,84.75
2021-09-02,38.310001373291016,84.83999633789062
2021-09-03,38.06999969482422,84.51000213623047
2021-09-07,37.84000015258789,84.01000213623047
2021-09-08,37.75,84.04000091552734
2021-09-09,37.86000061035156,83.80999755859375
2021-09-10,37.58000183105469,83.05999755859375
2021-09-13,38.0099983215332,83.80000305175781
2021-09-14,37.5,82.9000015258789
2021-09-15,37.86000061035156,83.54000091552734
2021-09-16,37.75,83.45999908447266
2021-09-17,37.58000183105469,82.9800033569336
2021-09-20,36.54999923706055,80.97000122070312
2021-09-21,36.5,80.91999816894531
2021-09-22,37.11000061035156,82.05999755859375
2021-09-23,38.02000045776367,84.0
2021-09-24,38.220001220703125,84.02999877929688
2021-09-27,38.7400016784668,85.06999969482422
2021-09-28,38.099998474121094,83.6500015258789
2021-09-29,38.130001068115234,83.81999969482422
2021-09-30,37.529998779296875,82.55000305175781
2021-10-01,38.150001525878906,83.7300033569336
2021-10-04,37.81999969482422,83.0199966430664
2021-10-05,38.560001373291016,84.55999755859375
2021-10-06,38.599998474121094,84.72000122070312
2021-10-07,38.83000183105469,85.33999633789062
2021-10-08,39.02000045776367,85.80999755859375
2021-10-11,38.630001068115234,85.0
2021-10-12,38.5099983215332,84.87000274658203
2021-10-13,38.290000915527344,84.61000061035156
2021-10-14,38.93000030517578,86.06999969482422
2021-10-15,39.5099983215332,87.19999694824219
2021-10-18,39.52000045776367,87.20999908447266
2021-10-19,39.90999984741211,88.13999938964844
2021-10-20,40.22999954223633,88.83999633789062
2021-10-21,40.060001373291016,88.75
2021-10-22,40.619998931884766,89.80999755859375
2021-10-25,40.56999969482422,89.83000183105469
2021-10-26,40.599998474121094,89.93000030517578
2021-10-27,39.93000030517578,88.37999725341797
2021-10-28,40.41999816894531,89.62000274658203
2021-10-29,40.2599983215332,89.22000122070312
2021-11-01,40.279998779296875,89.5
2021-11-02,40.380001068115234,89.77999877929688
2021-11-03,40.529998779296875,90.23999786376953
2021-11-04,40.0,88.98999786376953
2021-11-05,40.02000045776367,89.02999877929688
2021-11-08,40.2400016784668,89.37999725341797
2021-11-09,40.02000045776367,89.0199966430664
2021-11-10,39.95000076293945,88.61000061035156
2021-11-11,40.060001373291016,88.97000122070312
2021-11-12,40.150001525878906,89.18000030517578
2021-11-15,40.150001525878906,89.13999938964844
2021-11-16,40.11000061035156,89.1500015258789
2021-11-17,39.650001525878906,88.19999694824219
2021-11-18,39.45000076293945,87.86000061035156
2021-11-19,39.02000045776367,86.93000030517578
2021-11-22,39.56999969482422,88.05000305175781
2021-11-23,40.189998626708984,89.30000305175781
2021-11-24,40.099998474121094,89.16999816894531
2021-11-26,38.77000045776367,86.36000061035156
2021-11-29,38.88999938964844,86.69999694824219
2021-11-30,37.959999084472656,84.4800033569336
2021-12-01,37.540000915527344,83.61000061035156
2021-12-02,38.65999984741211,86.01000213623047
2021-12-03,38.029998779296875,84.5999984741211
2021-12-06,38.61000061035156,85.69000244140625
2021-12-07,39.29999923706055,87.23999786376953
2021-12-08,39.09000015258789,86.83000183105469
2021-12-09,39.0099983215332,86.5
2021-12-10,39.04999923706055,86.54000091552734
2021-12-13,38.630001068115234,85.20999908447266
2021-12-14,38.86000061035156,85.5999984741211
2021-12-15,38.970001220703125,86.06999969482422
2021-12-16,39.459999084472656,86.79000091552734
2021-12-17,38.59000015258789,85.0
2021-12-20,37.65999984741211,83.33999633789062
2021-12-21,38.439998626708984,85.08000183105469
2021-12-22,38.619998931884766,85.69000244140625
2021-12-23,38.81999969482422,86.29000091552734
2021-12-27,39.220001220703125,87.20999908447266
2021-12-28,39.2400016784668,87.12000274658203
2021-12-29,39.189998626708984,87.06999969482422
2021-12-30,39.119998931884766,86.79000091552734
2021-12-31,39.04999923706055,86.69000244140625
2022-01-03,39.529998779296875,87.56999969482422
2022-01-04,40.56999969482422,89.5999984741211
2022-01-05,40.099998474121094,88.37999725341797
2022-01-06,40.689998626708984,89.79000091552734
2022-01-07,41.16999816894531,90.63999938964844
2022-01-10,41.029998779296875,90.37000274658203
2022-01-11,41.38999938964844,91.27999877929688
2022-01-12,41.41999816894531,91.31999969482422
2022-01-13,41.2599983215332,90.88999938964844
2022-01-14,40.83000183105469,90.16000366210938
2022-01-18,39.91999816894531,88.2300033569336
2022-01-19,39.25,86.69000244140625
2022-01-20,39.0,86.12999725341797
2022-01-21,38.20000076293945,84.37999725341797
2022-01-24,38.310001373291016,84.66000366210938
2022-01-25,38.470001220703125,84.58000183105469
2022-01-26,38.56999969482422,84.81999969482422
2022-01-27,38.220001220703125,84.18000030517578
2022-01-28,38.720001220703125,85.41000366210938
2022-01-31,39.060001373291016,86.36000061035156
2022-02-01,39.599998474121094,87.56999969482422
2022-02-02,39.869998931884766,88.13999938964844
2022-02-03,39.43000030517578,87.02999877929688
2022-02-04,40.099998474121094,88.47000122070312
2022-02-07,40.220001220703125,88.68000030517578
2022-02-08,40.779998779296875,89.70999908447266
2022-02-09,41.040000915527344,90.30000305175781
2022-02-10,40.68000030517578,89.48999786376953
2022-02-11,40.11000061035156,87.9800033569336
2022-02-14,39.65999984741211,86.9800033569336
2022-02-15,40.20000076293945,88.29000091552734
2022-02-16,40.22999954223633,88.41000366210938
2022-02-17,39.22999954223633,86.11000061035156
2022-02-18,39.220001220703125,85.95999908447266
2022-02-22,39.02000045776367,85.48999786376953
2022-02-23,38.34000015258789,84.08999633789062
2022-02-24,37.880001068115234,83.18000030517578
2022-02-25,39.099998474121094,86.01000213623047
2022-02-28,38.52000045776367,84.83000183105469
2022-03-01,37.099998474121094,81.8499984741211
2022-03-02,38.060001373291016,84.19999694824219
2022-03-03,37.939998626708984,83.77999877929688
2022-03-04,37.22999954223633,82.16000366210938
2022-03-07,35.869998931884766,78.95999908447266
2022-03-08,35.65999984741211,78.62000274658203
2022-03-09,36.970001220703125,81.48999786376953
2022-03-10,36.65999984741211,80.8499984741211
2022-03-11,36.400001525878906,80.30999755859375
2022-03-14,36.86000061035156,81.02999877929688
2022-03-15,37.380001068115234,82.08999633789062
2022-03-16,38.43000030517578,84.54000091552734
2022-03-17,38.90999984741211,85.44999694824219
2022-03-18,39.0,85.87000274658203
2022-03-21,38.810001373291016,85.72000122070312
2022-03-22,39.439998626708984,87.12999725341797
2022-03-23,38.709999084472656,85.52999877929688
2022-03-24,39.02000045776367,85.8499984741211
2022-03-25,39.52000045776367,86.80999755859375
2022-03-28,39.40999984741211,86.61000061035156
2022-03-29,39.5,87.16999816894531
2022-03-30,39.220001220703125,86.29000091552734
2022-03-31,38.31999969482422,84.52999877929688
2022-04-01,38.220001220703125,84.37000274658203
2022-04-04,38.04999923706055,84.0
2022-04-05,37.810001373291016,83.33000183105469
2022-04-06,37.54999923706055,82.6500015258789
2022-04-07,37.5099983215332,82.47000122070312
2022-04-08,37.88999938964844,83.18000030517578
2022-04-11,37.720001220703125,82.79000091552734
2022-04-12,37.310001373291016,81.93000030517578
2022-04-13,37.310001373291016,82.11000061035156
2022-04-14,36.88999938964844,81.2300033569336
2022-04-18,37.11000061035156,81.47000122070312
2022-04-19,37.619998931884766,82.66000366210938
2022-04-20,37.880001068115234,83.30999755859375
2022-04-21,37.279998779296875,81.88999938964844
2022-04-22,36.16999816894531,79.45999908447266
2022-04-25,36.22999954223633,79.58000183105469
2022-04-26,35.31999969482422,77.44000244140625
2022-04-27,35.290000915527344,77.47000122070312
2022-04-28,35.7400016784668,78.54000091552734
2022-04-29,34.5099983215332,75.7699966430664
2022-05-02,34.52000045776367,76.08999633789062
2022-05-03,34.970001220703125,77.0999984741211
2022-05-04,36.040000915527344,79.33000183105469
2022-05-05,34.9900016784668,77.02999877929688
2022-05-06,34.7400016784668,76.44999694824219
2022-05-09,33.90999984741211,74.4800033569336
2022-05-10,33.61000061035156,73.95999908447266
2022-05-11,33.29999923706055,73.12000274658203
2022-05-12,33.04999923706055,72.87999725341797
2022-05-13,33.529998779296875,74.12000274658203
2022-05-16,33.25,73.54000091552734
2022-05-17,34.13999938964844,75.56999969482422
2022-05-18,33.20000076293945,73.43000030517578
2022-05-19,32.97999954223633,72.93000030517578
2022-05-20,32.91999816894531,72.94999694824219
2022-05-23,33.9900016784668,75.13999938964844
2022-05-24,33.91999816894531,74.88999938964844
2022-05-25,34.189998626708984,75.55999755859375
2022-05-26,34.97999954223633,77.38999938964844
2022-05-27,35.56999969482422,78.73999786376953
2022-05-31,35.470001220703125,78.43000030517578
2022-06-01,34.900001525878906,77.12999725341797
2022-06-02,35.380001068115234,78.41000366210938
2022-06-03,34.869998931884766,77.19999694824219
2022-06-06,34.970001220703125,77.55000305175781
2022-06-07,35.2400016784668,78.0999984741211
2022-06-08,34.619998931884766,76.7300033569336
2022-06-09,33.75,74.5199966430664
2022-06-10,32.529998779296875,71.9000015258789
2022-06-13,31.559999465942383,69.61000061035156
2022-06-14,31.290000915527344,69.0999984741211
2022-06-15,31.639999389648438,69.91000366210938
2022-06-16,30.84000015258789,67.95999908447266
2022-06-17,30.93000030517578,68.22000122070312
2022-06-21,31.3799991607666,69.6500015258789
2022-06-22,31.309999465942383,69.4800033569336
2022-06-23,31.190000534057617,69.3499984741211
2022-06-24,32.34000015258789,72.01000213623047
2022-06-27,32.22999954223633,71.7300033569336
2022-06-28,31.90999984741211,71.06999969482422
2022-06-29,31.729999542236328,70.52999877929688
2022-06-30,31.450000762939453,69.9800033569336
2022-07-01,31.8799991607666,70.91000366210938
2022-07-05,31.770000457763672,70.77999877929688
2022-07-06,31.690000534057617,70.52999877929688
2022-07-07,32.150001525878906,71.56999969482422
2022-07-08,32.08000183105469,71.3499984741211
2022-07-11,31.81999969482422,70.7699966430664
2022-07-12,31.6200008392334,70.31999969482422
2022-07-13,31.34000015258789,69.62000274658203
2022-07-14,30.739999771118164,68.29000091552734
2022-07-15,31.780000686645508,70.55000305175781
2022-07-18,31.65999984741211,70.2699966430664
2022-07-19,32.61000061035156,72.45999908447266
2022-07-20,32.72999954223633,72.80999755859375
2022-07-21,32.939998626708984,73.26000213623047
2022-07-22,32.75,72.72000122070312
2022-07-25,32.959999084472656,73.18000030517578
2022-07-26,32.5,72.19000244140625
2022-07-27,33.0,73.31999969482422
2022-07-28,33.2400016784668,73.98999786376953
2022-07-29,33.709999084472656,75.05000305175781
2022-08-01,33.43000030517578,74.43000030517578
2022-08-02,33.060001373291016,73.66000366210938
2022-08-03,33.560001373291016,74.80000305175781
2022-08-04,33.45000076293945,74.58999633789062
2022-08-05,33.689998626708984,75.12999725341797
2022-08-08,33.66999816894531,75.12999725341797
2022-08-09,33.84000015258789,75.38999938964844
2022-08-10,34.599998474121094,77.2300033569336
2022-08-11,35.0099983215332,78.0
2022-08-12,35.560001373291016,79.30000305175781
2022-08-15,35.54999923706055,79.37000274658203
2022-08-16,35.810001373291016,79.83000183105469
2022-08-17,35.630001068115234,79.4000015258789
2022-08-18,35.66999816894531,79.5999984741211
2022-08-19,34.959999084472656,77.88999938964844
2022-08-22,34.189998626708984,76.25
2022-08-23,34.04999923706055,76.0
2022-08-24,34.22999954223633,76.37999725341797
2022-08-25,34.7599983215332,77.52999877929688
2022-08-26,33.720001220703125,75.16999816894531
2022-08-29,33.47999954223633,74.56999969482422
2022-08-30,33.29999923706055,74.18000030517578
2022-08-31,33.04999923706055,73.69000244140625
2022-09-01,33.150001525878906,73.87999725341797
2022-09-02,32.88999938964844,73.29000091552734
2022-09-06,32.810001373291016,73.13999938964844
2022-09-07,33.459999084472656,74.62000274658203
2022-09-08,34.04999923706055,75.93000030517578
2022-09-09,34.36000061035156,76.6500015258789
2022-09-12,34.63999938964844,77.2699966430664
2022-09-13,33.349998474121094,74.4000015258789
2022-09-14,33.25,74.27999877929688
2022-09-15,33.36000061035156,74.47000122070312
2022-09-16,33.060001373291016,73.70999908447266
2022-09-19,33.2599983215332,74.54000091552734
2022-09-20,32.77000045776367,73.38999938964844
2022-09-21,32.09000015258789,71.94999694824219
2022-09-22,31.549999237060547,70.69000244140625
2022-09-23,31.049999237060547,69.51000213623047
2022-09-26,30.559999465942383,68.01000213623047
2022-09-27,30.43000030517578,67.7699966430664
2022-09-28,31.030000686645508,69.08000183105469
2022-09-29,30.639999389648438,68.18000030517578
2022-09-30,30.360000610351562,67.55000305175781
2022-10-03,31.18000030517578,69.37000274658203
2022-10-04,32.34000015258789,72.16000366210938
2022-10-05,32.09000015258789,71.61000061035156
2022-10-06,31.639999389648438,70.63999938964844
2022-10-07,30.889999389648438,68.95999908447266
2022-10-10,30.75,68.66000366210938
2022-10-11,30.360000610351562,67.7699966430664
2022-10-12,30.290000915527344,67.63999938964844
2022-10-13,31.540000915527344,70.20999908447266
2022-10-14,31.010000228881836,69.0199966430664
2022-10-17,31.790000915527344,70.75
2022-10-18,32.29999923706055,71.80000305175781
2022-10-19,31.770000457763672,70.66999816894531
2022-10-20,31.260000228881836,69.38999938964844
2022-10-21,32.189998626708984,71.37999725341797
2022-10-24,32.619998931884766,72.27999877929688
2022-10-25,33.0099983215332,73.27999877929688
2022-10-26,33.09000015258789,73.5
2022-10-27,33.36000061035156,74.0999984741211
2022-10-28,34.189998626708984,75.91000366210938
2022-10-31,33.97999954223633,75.4800033569336
2022-11-01,34.06999969482422,75.83999633789062
2022-11-02,33.63999938964844,74.8499984741211
2022-11-03,33.29999923706055,74.0999984741211
2022-11-04,33.90999984741211,75.5
2022-11-07,34.25,76.20999908447266
2022-11-08,34.45000076293945,76.54000091552734
2022-11-09,33.869998931884766,75.16999816894531
2022-11-10,35.58000183105469,79.11000061035156
2022-11-11,35.869998931884766,79.7300033569336
2022-11-14,35.36000061035156,78.33000183105469
2022-11-15,35.439998626708984,78.61000061035156
2022-11-16,35.27000045776367,78.08999633789062
2022-11-17,35.08000183105469,77.63999938964844
2022-11-18,35.369998931884766,78.19000244140625
2022-11-21,35.47999954223633,78.47000122070312
2022-11-22,35.84000015258789,79.22000122070312
2022-11-23,35.9900016784668,79.55000305175781
2022-11-25,36.11000061035156,79.94000244140625
2022-11-28,35.4900016784668,78.5
2022-11-29,35.70000076293945,78.91000366210938
2022-11-30,36.310001373291016,80.37999725341797
2022-12-01,36.099998474121094,79.9000015258789
2022-12-02,35.93000030517578,79.55999755859375
2022-12-05,35.040000915527344,77.3499984741211
2022-12-06,34.72999954223633,76.73999786376953
2022-12-07,34.59000015258789,76.30999755859375
2022-12-08,34.619998931884766,76.55000305175781
2022-12-09,34.529998779296875,76.19000244140625
2022-12-12,34.9900016784668,77.18000030517578
2022-12-13,35.08000183105469,77.0
2022-12-14,34.63999938964844,75.95999908447266
2022-12-15,33.959999084472656,74.55999755859375
2022-12-16,33.70000076293945,73.91999816894531
2022-12-19,33.400001525878906,73.73999786376953
2022-12-20,33.540000915527344,73.95999908447266
2022-12-21,34.060001373291016,75.29000091552734
2022-12-22,33.7599983215332,74.54000091552734
2022-12-23,33.95000076293945,75.0
2022-12-27,33.939998626708984,74.95999908447266
2022-12-28,33.81999969482422,74.55999755859375
2022-12-29,34.290000915527344,75.75
2022-12-30,34.20000076293945,75.47000122070312
